Symbol,Value,TradingDate,Time,Open,High,Low,Close,Volume
TCB,288191780000,04/06/2018,,102400,105000,102400,102400,2811840
TCB,288191780000,04/06/2018,,102400,105000,102400,102400,2811840
TCB,136003550000,05/06/2018,,99100,106000,96000,96000,1357500
TCB,149272930000,06/06/2018,,95000,96000,91000,92000,1605480
TCB,133518120000,07/06/2018,,94500,98400,93100,98400,1376540
TCB,208546190000,08/06/2018,,101000,105200,99500,105200,2008500
TCB,131239290000,11/06/2018,,104800,109000,103200,109000,1229830
TCB,119534350000,12/06/2018,,108000,108000,102900,105000,1139130
TCB,81434770000,13/06/2018,,105000,108000,104500,105400,772670
TCB,64816280000,14/06/2018,,106500,106500,103500,105000,617130
TCB,75845300000,15/06/2018,,105500,105500,103500,105200,723460
TCB,84139070000,18/06/2018,,104100,105000,98000,100000,825810
TCB,195912510000,19/06/2018,,95100,97000,93000,95000,2092720
TCB,52734670000,20/06/2018,,95000,96500,93100,95200,554870
TCB,46936110000,21/06/2018,,95400,95400,93300,95200,497790
TCB,31005640000,22/06/2018,,95100,95100,93600,95000,328710
TCB,88228190000,25/06/2018,,96000,97000,95700,95900,918340
TCB,46844020000,26/06/2018,,94400,95500,94200,95000,493790
TCB,37122660000,27/06/2018,,93500,95000,93500,93600,394860
TCB,120961650000,28/06/2018,,93000,93500,88500,92200,1319230
TCB,143624560000,29/06/2018,,91000,92000,87000,91700,1583700
TCB,59374010000,02/07/2018,,91800,91800,87000,87900,669570
TCB,174441600000,03/07/2018,,87500,88300,81800,81800,2112230
TCB,86048450000,04/07/2018,,80500,81000,76100,81000,1102650
TCB,86048450000,04/07/2018,,80500,81000,76100,81000,1102650
TCB,45289520000,05/07/2018,,28850,28850,27000,28150,1583450
TCB,32803290000,06/07/2018,,28000,29000,27000,28800,1160990
TCB,18030800000,09/07/2018,,29000,29200,27850,28500,631240
TCB,15382880000,10/07/2018,,28500,28500,27500,27650,549100
TCB,29636390000,11/07/2018,,27100,27100,25750,25750,1134570
TCB,17681710000,12/07/2018,,25100,26000,25100,26000,686180
TCB,10650720000,13/07/2018,,26400,26500,26000,26200,406500
TCB,11197880000,16/07/2018,,26000,26200,25750,26200,430160
TCB,31370790000,17/07/2018,,26200,27500,25700,27100,1174520
TCB,31965960000,18/07/2018,,27500,28500,27300,27950,1139340
TCB,18919670000,19/07/2018,,28000,28000,27500,27900,680430
TCB,40599200000,20/07/2018,,27500,27900,27200,27900,1473990
TCB,23958760000,23/07/2018,,27300,27850,26600,26600,878370
TCB,27296180000,24/07/2018,,27000,27500,26300,26400,1019120
TCB,87498460000,25/07/2018,,26800,26850,24900,26750,3348190
TCB,16685250000,26/07/2018,,26000,26250,25500,25800,645430
TCB,36996240000,27/07/2018,,25800,26200,25600,25950,1427670
TCB,37483740000,30/07/2018,,25950,26200,25900,26100,1438740
TCB,127894610000,31/07/2018,,26150,27900,26000,27800,4690660
TCB,57917920000,01/08/2018,,27900,28650,27150,27550,2060620
TCB,97326080000,02/08/2018,,27300,28500,27000,28500,3507500
TCB,68781640000,03/08/2018,,28600,28900,28000,28350,2418140
TCB,68781640000,03/08/2018,,28600,28900,28000,28350,2418140
TCB,41551400000,06/08/2018,,28000,28300,27800,28000,1478320
TCB,46564130000,07/08/2018,,27750,28200,27400,27950,1670400
TCB,38876620000,08/08/2018,,28150,28150,27400,27750,1406450
TCB,65130830000,09/08/2018,,27900,28300,27400,27400,2342630
TCB,63544440000,10/08/2018,,27400,27700,26400,27200,2362660
TCB,37366930000,13/08/2018,,27000,27650,26800,27450,1369550
TCB,23230370000,14/08/2018,,27500,27500,27000,27200,850440
TCB,27758380000,15/08/2018,,27000,27200,26500,26500,1030610
TCB,41421980000,16/08/2018,,26500,26900,25950,26500,1576340
TCB,18441800000,17/08/2018,,26500,26900,26500,26500,691890
TCB,22348430000,20/08/2018,,26700,26700,25900,26500,847610
TCB,23915670000,21/08/2018,,26500,26650,26250,26500,904270
TCB,37382660000,22/08/2018,,26700,27400,26550,26650,1386850
TCB,27734540000,23/08/2018,,27000,27150,26650,26750,1031560
TCB,21801780000,24/08/2018,,26750,26950,26500,26600,817010
TCB,39433480000,27/08/2018,,26600,26850,26500,26500,1480540
TCB,42991320000,28/08/2018,,26600,26800,26200,26250,1630740
TCB,20372030000,29/08/2018,,26250,26350,26100,26150,778240
TCB,23237470000,30/08/2018,,26150,26300,26050,26300,887840
TCB,45652030000,31/08/2018,,26300,26850,26300,26300,1723040
TCB,26060470000,04/09/2018,,26300,26600,26050,26100,991610
TCB,27308870000,05/09/2018,,26100,26250,25750,25800,1052150
TCB,67771490000,06/09/2018,,25800,25900,24800,24800,2694080
TCB,54052860000,07/09/2018,,25000,25300,24900,25250,2154200
TCB,32807850000,10/09/2018,,25400,25500,25000,25500,1297720
TCB,19807700000,11/09/2018,,25450,25500,25300,25400,780150
TCB,36910310000,12/09/2018,,25500,25550,25000,25000,1460210
TCB,27784.36,13/09/2018,,25000,25400,25000,25200,1105010
TCB,33950240000,14/09/2018,,25200,25400,25150,25250,1343360
TCB,70143750000,17/09/2018,,25250,27000,25150,26050,2714630
TCB,27568520000,18/09/2018,,26050,26150,25550,26150,1059520
TCB,78277600000,19/09/2018,,26200,27050,26200,26600,2934180
TCB,159818050000,20/09/2018,,26600,28000,26600,28000,5779740
TCB,112730110000,21/09/2018,,28000,28450,27800,28300,4008110
TCB,62405220000,24/09/2018,,28300,28450,27950,28100,2213810
TCB,63452410000,25/09/2018,,28000,28200,27800,28000,2261840
TCB,129877740000,26/09/2018,,28000,29350,27800,28900,4516320
TCB,107869420000,27/09/2018,,29200,29650,29150,29400,3663710
TCB,115479390000,28/09/2018,,29500,29650,29000,29150,3943650
TCB,81448770000,01/10/2018,,29150,29250,28600,28650,2816100
TCB,91326160000,02/10/2018,,28600,29400,28600,29100,3139750
TCB,91326160000,02/10/2018,,28600,29400,28600,29100,3139750
TCB,41232910000,03/10/2018,,29400,29500,29150,29350,1405830
TCB,97819290000,04/10/2018,,29500,30200,29350,30200,3273230
TCB,94614940000,05/10/2018,,30100,30250,29750,29800,3156560
TCB,61806890000,08/10/2018,,29100,29750,29100,29350,2101380
TCB,78495550000,09/10/2018,,29400,29750,29150,29750,2656380
TCB,50455510000,10/10/2018,,29800,30100,29650,29700,1689250
TCB,122888050000,11/10/2018,,28200,29100,27700,27850,4366960
TCB,64734400000,12/10/2018,,27850,28800,27300,28700,2298230
TCB,59321000000,15/10/2018,,28700,28750,28000,28200,2085500
TCB,38793890000,16/10/2018,,28150,28900,28150,28700,1363410
TCB,57520930000,17/10/2018,,29300,29300,28950,29100,1972280
TCB,42985470000,18/10/2018,,28800,29100,28700,28900,1487880
TCB,41743670000,19/10/2018,,28400,29000,28100,29000,1454000
TCB,58597210000,22/10/2018,,29000,29200,28800,28800,2026290
TCB,64280130000,23/10/2018,,28800,28800,26800,27800,2307530
TCB,41819980000,24/10/2018,,27900,28000,26500,26500,1535430
TCB,63063450000,25/10/2018,,25200,26300,25100,26100,2454470
TCB,45431470000,26/10/2018,,26900,26900,25500,25850,1747390
TCB,37981540000,29/10/2018,,25800,26000,25500,25700,1473740
TCB,34380000000,30/10/2018,,25700,26100,25600,25800,1327540
TCB,32662640000,31/10/2018,,26100,26900,26100,26900,1230140
TCB,21239260000,01/11/2018,,26950,26950,26100,26100,802870
TCB,21239260000,01/11/2018,,26950,26950,26100,26100,802870
TCB,27972420000,02/11/2018,,26600,26950,26200,26600,1048790
TCB,24603630000,05/11/2018,,26700,26950,26500,26850,920120
TCB,31660060000,06/11/2018,,27400,27400,26750,26950,1174180
TCB,31857760000,07/11/2018,,26700,27200,26700,27000,1180500
TCB,19292280000,08/11/2018,,27500,27500,26950,27000,710570
TCB,29000930000,09/11/2018,,26850,26950,26350,26350,1090990
TCB,20535190000,12/11/2018,,26300,26500,25850,26300,784460
TCB,24487740000,13/11/2018,,25700,26000,25700,25750,947810
TCB,43145830000,14/11/2018,,25600,26000,25150,25250,1692450
TCB,24582670000,15/11/2018,,25250,25550,25050,25250,971850
TCB,16630590000,16/11/2018,,25500,26400,25450,25700,645780
TCB,46181420000,19/11/2018,,25700,26700,25700,26500,1754860
TCB,40451910000,20/11/2018,,26300,26550,26100,26400,1534530
TCB,27121200000,21/11/2018,,26000,26800,25900,26500,1028070
TCB,23908490000,22/11/2018,,26900,26900,24650,26500,901490
TCB,16930840000,23/11/2018,,26500,26600,26100,26100,643390
TCB,31282090000,26/11/2018,,26000,26450,25950,25950,1195560
TCB,27260350000,27/11/2018,,26300,26500,25950,26000,1040020
TCB,17420150000,28/11/2018,,26000,26150,25900,26150,668970
TCB,34388830000,29/11/2018,,26450,26600,26050,26050,1304530
TCB,16575180000,30/11/2018,,26250,26300,26000,26050,635260
TCB,82118750000,03/12/2018,,26500,27200,26300,27200,3059840
TCB,79619030000,04/12/2018,,27200,27950,27200,27800,2885160
TCB,98558090000,05/12/2018,,27500,28300,27300,28000,3540000
TCB,84004230000,06/12/2018,,28000,28450,27900,28150,2977170
TCB,63404840000,07/12/2018,,28200,28500,27800,28000,2249340
TCB,95130690000,10/12/2018,,27900,28350,27700,28250,3389080
TCB,69307160000,11/12/2018,,28350,28500,28100,28300,2451470
TCB,88927810000,12/12/2018,,28500,28900,28300,28900,3106230
TCB,72325410000,13/12/2018,,29000,29150,28700,28700,2502500
TCB,68630780000,14/12/2018,,28500,28800,28500,28650,2395670
TCB,93637600000,17/12/2018,,28300,28500,27400,27400,3335920
TCB,96461220000,18/12/2018,,27000,27500,26700,27500,3565390
TCB,31347410000,19/12/2018,,27400,27500,26950,27500,1152330
TCB,30027640000,20/12/2018,,27200,27700,27100,27250,1096130
TCB,38800800000,21/12/2018,,27000,27300,26700,27300,1436860
TCB,33914020000,24/12/2018,,27300,27400,26900,26900,1250440
TCB,63188000000,25/12/2018,,26200,26550,25800,26400,2408040
TCB,51339250000,26/12/2018,,26300,26600,25950,26000,1965260
TCB,55238230000,27/12/2018,,26500,26650,26050,26050,2093990
TCB,48224350000,28/12/2018,,26300,26300,25850,25850,1849440
TCB,34284220000,02/01/2019,,26000,26050,25600,25600,1329030
TCB,45899600000,03/01/2019,,25700,25750,25000,25000,1811430
TCB,72939270000,04/01/2019,,25000,25000,23250,24950,2970830
TCB,36242970000,07/01/2019,,25150,25500,25100,25100,1436930
TCB,21177750000,08/01/2019,,25150,25200,25050,25100,843170
TCB,81755210000,09/01/2019,,25200,26000,25100,25800,3192180
TCB,42486740000,10/01/2019,,25800,25950,25750,25800,1644380
TCB,42340300000,11/01/2019,,25850,26300,25850,26000,1623150
TCB,51852000000,14/01/2019,,25900,26050,25750,25850,2002420
TCB,48530880000,15/01/2019,,25850,26500,25850,26500,1853220
TCB,47343000000,16/01/2019,,26600,26750,26450,26500,1782580
TCB,49490000000,17/01/2019,,26500,26850,26400,26650,1858980
TCB,42715720000,18/01/2019,,26800,26950,26500,26750,1598890
TCB,53005020000,21/01/2019,,26900,27500,26900,27400,1951730
TCB,64598170000,22/01/2019,,27600,27600,26800,26800,2368670
TCB,55893010000,23/01/2019,,26900,26900,26550,26550,2092730
TCB,40926020000,24/01/2019,,26700,26850,26450,26650,1537670
TCB,46038720000,25/01/2019,,26950,27250,26650,26650,1710030
TCB,49149680000,28/01/2019,,26750,26800,26050,26200,1864000
TCB,53858170000,29/01/2019,,26200,26500,25900,26500,2058540
TCB,26954070000,30/01/2019,,26500,26700,26300,26600,1017170
TCB,26954070000,30/01/2019,,26500,26700,26300,26600,1017170
TCB,68831250000,31/01/2019,,26600,26600,26300,26500,2606420
TCB,212810650000,01/02/2019,,26500,27200,26300,27200,7859690
TCB,67827300000,11/02/2019,,27000,27300,26800,27050,2504660
TCB,136086210000,12/02/2019,,27150,27650,26950,27450,4957590
TCB,69551080000,13/02/2019,,27450,27750,27400,27550,2519920
TCB,62790650000,14/02/2019,,27500,27600,27250,27300,2290940
TCB,91809630000,15/02/2019,,27200,27650,27100,27250,3355310
TCB,59133470000,18/02/2019,,27300,27550,27250,27350,2160450
TCB,218009040000,19/02/2019,,27400,28200,27400,27550,7850600
TCB,76281850000,20/02/2019,,27650,27800,27450,27550,2760520
TCB,57782970000,21/02/2019,,27600,27700,27300,27500,2102120
TCB,179039430000,22/02/2019,,27500,28000,27400,27700,6443060
TCB,107255110000,25/02/2019,,27900,28000,27700,27750,3849680
TCB,84843380000,26/02/2019,,27700,27850,27250,27450,3078620
TCB,128558040000,27/02/2019,,27450,27500,27050,27200,4709200
TCB,129778400000,28/02/2019,,27100,27200,26400,26500,4845650
TCB,62295470000,01/03/2019,,26600,26850,26400,26600,2342280
TCB,62295470000,01/03/2019,,26600,26850,26400,26600,2342280
TCB,76340320000,04/03/2019,,26700,27100,26700,27000,2834780
TCB,87017820000,05/03/2019,,26850,27200,26700,26800,3227790
TCB,26889010000,06/03/2019,,26800,26900,26650,26800,1004950
TCB,38367180000,07/03/2019,,26900,27050,26750,26750,1428410
TCB,76437710000,08/03/2019,,26550,26650,26250,26250,2892590
TCB,23569120000,11/03/2019,,26500,26500,26250,26300,894870
TCB,49964900000,12/03/2019,,26600,26800,26250,26800,1884510
TCB,125622830000,13/03/2019,,26900,27550,26900,27150,4603520
TCB,41303780000,14/03/2019,,27200,27250,26950,27000,1377040
TCB,47154340000,15/03/2019,,26900,27200,26750,26850,1750100
TCB,90659530000,18/03/2019,,26950,27250,26800,27050,3348820
TCB,56151460000,19/03/2019,,27050,27200,26700,26750,2078600
TCB,45202970000,20/03/2019,,26750,26750,26400,26600,1701020
TCB,75345260000,21/03/2019,,26750,26750,26100,26100,2858380
TCB,68606380000,22/03/2019,,26150,26300,25950,26100,2631920
TCB,58799100000,25/03/2019,,25500,25900,25450,25600,2295560
TCB,52365000000,26/03/2019,,25600,25900,25400,25500,2041810
TCB,36579000000,27/03/2019,,25700,25800,25450,25750,1426910
TCB,20483000000,28/03/2019,,25650,25800,25550,25550,798820
TCB,42459000000,29/03/2019,,25550,25800,25550,25600,1656270
TCB,31011450000,01/04/2019,,25700,25700,25500,25550,1213000
TCB,30700550000,02/04/2019,,25700,25850,25450,25500,1197560
TCB,22497940000,03/04/2019,,25500,25600,25400,25450,883080
TCB,27590280000,04/04/2019,,25500,25550,25300,25450,1084530
TCB,20106570000,05/04/2019,,25500,25500,25400,25400,790380
TCB,42606140000,08/04/2019,,25400,25400,25100,25250,1689220
TCB,38857960000,09/04/2019,,25400,25650,25250,25350,1526530
TCB,37442650000,10/04/2019,,25300,25500,25000,25100,1488230
TCB,20980460000,11/04/2019,,25050,25200,25000,25100,837020
TCB,32880560000,12/04/2019,,25000,25100,24850,24900,1318580
TCB,51477680000,16/04/2019,,24650,24750,24400,24550,2097030
TCB,25407710000,17/04/2019,,24750,25050,24650,24750,1022100
TCB,36134950000,18/04/2019,,24750,24800,24250,24250,1478350
TCB,27081640000,19/04/2019,,24500,24500,24200,24200,1116030
TCB,36780450000,22/04/2019,,24200,24300,23650,23750,1544290
TCB,43799470000,23/04/2019,,23600,23850,23550,23600,1850200
TCB,47912710000,24/04/2019,,23700,24350,23700,24350,1995110
TCB,16542.93,25/04/2019,,24400,24400,24150,24150,681910
TCB,21663950000,26/04/2019,,24050,24200,24000,24150,898530
TCB,21312850000,02/05/2019,,24100,24200,23800,23850,891770
TCB,41341380000,03/05/2019,,23850,24000,23650,24000,1727710
TCB,44774100000,06/05/2019,,23650,23900,23100,23300,1903780
TCB,30189490000,07/05/2019,,23700,23700,23100,23200,1294740
TCB,40047890000,08/05/2019,,23000,23000,22650,22950,1748140
TCB,30606850000,09/05/2019,,22900,23200,22800,22800,1330990
TCB,38631810000,10/05/2019,,23000,23150,22800,23150,1679270
TCB,26240630000,13/05/2019,,23250,23300,23100,23200,1130890
TCB,32914590000,14/05/2019,,23000,23200,22850,23000,1432870
TCB,76537550000,15/05/2019,,23100,24050,23000,23950,3260220
TCB,50938170000,16/05/2019,,24100,24100,23650,23750,2139740
TCB,41101000000,17/05/2019,,23700,23800,23550,23600,1740280
TCB,50239330000,20/05/2019,,23550,23900,23400,23850,2117630
TCB,77573650000,21/05/2019,,23850,24300,23850,24050,3217110
TCB,40886320000,22/05/2019,,24100,24200,23700,23700,1706530
TCB,32636000000,23/05/2019,,23650,23850,23550,23650,1377230
TCB,55852030000,24/05/2019,,23550,23700,23200,23200,2380690
TCB,20611220000,27/05/2019,,23200,23350,23100,23150,888140
TCB,32940470000,28/05/2019,,23100,23400,22900,23100,1428370
TCB,47479310000,29/05/2019,,23050,23100,22750,22750,2073420
TCB,33171780000,30/05/2019,,22750,23050,22500,22950,1454130
TCB,33171780000,30/05/2019,,22750,23050,22500,22950,1454130
TCB,33065080000,31/05/2019,,22950,23000,22600,22600,1452700
TCB,59524660000,03/06/2019,,22400,22500,21500,21500,2710010
TCB,49922550000,04/06/2019,,21750,21800,21100,21200,2334950
TCB,23199180000,05/06/2019,,21600,21800,21300,21300,1078360
TCB,29197480000,06/06/2019,,21300,21500,20900,21350,1377350
TCB,30623420000,07/06/2019,,21350,21600,21350,21600,1426730
TCB,36576000000,10/06/2019,,21800,21900,21300,21500,1692190
TCB,19549420000,11/06/2019,,21500,21700,21450,21500,907130
TCB,14422080000,12/06/2019,,21500,21600,21300,21300,672440
TCB,17947790000,13/06/2019,,21300,21300,21100,21150,845890
TCB,23069530000,14/06/2019,,21200,21450,21200,21200,1082100
TCB,46508150000,17/06/2019,,21300,21350,20800,20800,2217430
TCB,64303360000,18/06/2019,,20900,20950,20100,20300,3167100
TCB,41622920000,19/06/2019,,20600,20650,20000,20100,2057320
TCB,41622920000,20/06/2019,,20600,20650,20000,20100,2057320
TCB,36005040000,21/06/2019,,20800,21100,20700,20800,1724400
TCB,34669980000,24/06/2019,,20700,21050,20650,20900,1664740
TCB,32544520000,25/06/2019,,20650,20900,20650,20750,1564890
TCB,37658900000,26/06/2019,,20550,20700,20300,20400,1838710
TCB,32314430000,27/06/2019,,20400,20500,20200,20200,1584550
TCB,56284650000,28/06/2019,,20350,20400,19950,20350,2795060
TCB,84957290000,01/07/2019,,20550,21100,20550,21000,4072480
TCB,58739620000,02/07/2019,,21100,21250,20750,20900,2795670
TCB,41229090000,03/07/2019,,20750,21000,20650,20800,1983500
TCB,82662370000,04/07/2019,,20850,21500,20800,21400,3900680
TCB,33111920000,05/07/2019,,21450,21600,21200,21350,1549360
TCB,70162850000,08/07/2019,,21300,21350,20550,20900,3362170
TCB,40358600000,09/07/2019,,20700,20900,20600,20700,1946360
TCB,18891330000,10/07/2019,,20850,21000,20700,20700,906800
TCB,40055000000,11/07/2019,,20900,21100,20800,21000,1912930
TCB,58129000000,12/07/2019,,21100,21200,20700,20700,2769760
TCB,59979000000,15/07/2019,,20850,21250,20750,21150,2857380
TCB,48455000000,16/07/2019,,21150,21400,21100,21200,2278750
TCB,57149000000,17/07/2019,,21300,21300,21000,21100,2701360
TCB,59099000000,18/07/2019,,20950,21100,20800,20900,2824630
TCB,70804000000,19/07/2019,,21000,21300,21000,21200,3346840
TCB,58513000000,22/07/2019,,21150,21300,20950,21050,2774500
TCB,32986000000,23/07/2019,,21050,21150,21000,21050,1565740
TCB,44578000000,24/07/2019,,21100,21200,20900,20950,2120730
TCB,36197000000,25/07/2019,,20950,21000,20900,20900,1729230
TCB,25929000000,26/07/2019,,20850,20950,20750,20800,1245510
TCB,50433000000,29/07/2019,,21000,21050,20750,20800,2419230
TCB,50433000000,29/07/2019,,21000,21050,20750,20800,2419230
TCB,32184000000,30/07/2019,,20900,20900,20650,20700,1551320
TCB,25131000000,31/07/2019,,20700,20700,20550,20550,1219550
TCB,24601000000,01/08/2019,,20600,20700,20500,20700,1192180
TCB,72062000000,02/08/2019,,20400,20700,20350,20550,3516660
TCB,54082000000,05/08/2019,,20400,20550,20300,20400,2653940
TCB,39654000000,06/08/2019,,20200,20300,19900,20250,1970250
TCB,24456000000,07/08/2019,,20300,20400,20050,20100,1212000
TCB,36140000000,08/08/2019,,20100,20250,20000,20200,1798980
TCB,17651000000,09/08/2019,,20200,20300,20100,20200,875180
TCB,17009000000,12/08/2019,,20200,20350,20200,20250,840220
TCB,43069000000,13/08/2019,,20200,20700,20150,20650,2100020
TCB,26065000000,14/08/2019,,20850,20950,20700,20850,1250150
TCB,43643000000,15/08/2019,,20400,21000,20400,21000,2105150
TCB,135056000000,16/08/2019,,21000,22000,20900,21900,6269250
TCB,41911000000,19/08/2019,,21900,21900,21500,21550,1938330
TCB,28875000000,20/08/2019,,21600,21700,21350,21550,1342680
TCB,44616000000,21/08/2019,,21650,21800,21400,21650,2062850
TCB,34539000000,22/08/2019,,21650,21850,21600,21650,1593030
TCB,28128000000,23/08/2019,,21600,21650,21450,21650,1304670
TCB,69355000000,26/08/2019,,21200,21350,20950,21250,3277300
TCB,38706000000,27/08/2019,,21350,21550,21300,21450,1805340
TCB,15784000000,28/08/2019,,21400,21500,21350,21400,736990
TCB,15784000000,28/08/2019,,21400,21500,21350,21400,736990
TCB,20202000000,29/08/2019,,21400,21400,21100,21350,948710
TCB,26476000000,30/08/2019,,21400,21500,21250,21500,1236390
TCB,24413000000,03/09/2019,,21600,21650,21400,21400,1136630
TCB,42870000000,04/09/2019,,21250,21800,21250,21700,1989740
TCB,97973000000,05/09/2019,,21700,22450,21700,22200,4417320
TCB,26501000000,06/09/2019,,22350,22450,22100,22200,1189570
TCB,49708000000,09/09/2019,,22200,22200,21650,21700,2274060
TCB,54913000000,10/09/2019,,21600,21900,21450,21450,2538930
TCB,21750000000,11/09/2019,,21500,21650,21400,21750,1009440
TCB,40191000000,12/09/2019,,21750,22000,21700,21950,1835330
TCB,124220000000,13/09/2019,,21900,22650,21900,22650,5546230
TCB,41715000000,16/09/2019,,22650,22750,22450,22600,1846340
TCB,38092000000,17/09/2019,,22500,22700,22450,22600,1689630
TCB,59063000000,18/09/2019,,22500,22750,22400,22600,2613940
TCB,70981000000,19/09/2019,,22600,22950,22500,22950,3116360
TCB,47194000000,20/09/2019,,23000,23200,22950,23150,2046450
TCB,60906000000,23/09/2019,,23200,23250,22650,22650,2643620
TCB,61134000000,24/09/2019,,22650,22800,22550,22600,2698720
TCB,36124000000,25/09/2019,,22600,22750,22400,22650,1603250
TCB,53292000000,26/09/2019,,22650,23150,22650,23100,2315980
TCB,51075000000,27/09/2019,,23100,23350,23000,23200,2199880
TCB,51075000000,27/09/2019,,23100,23350,23000,23200,2199880
TCB,61684000000,30/09/2019,,23300,23500,23150,23350,2640100
TCB,54589000000,01/10/2019,,23350,23700,23150,23750,2328320
TCB,64620000000,02/10/2019,,23700,23950,23600,23750,2720060
TCB,50727000000,03/10/2019,,23500,23800,23350,23800,2152040
TCB,56429000000,04/10/2019,,23850,23950,23500,23600,2380040
TCB,69234000000,07/10/2019,,23650,23650,23150,23150,2959530
TCB,45240000000,08/10/2019,,23150,23500,23150,23550,1939340
TCB,30318000000,09/10/2019,,23600,23650,23450,23650,1287970
TCB,17064000000,10/10/2019,,23550,23750,23550,23650,721560
TCB,20293000000,11/10/2019,,23600,23700,23550,23600,859400
TCB,122879000000,14/10/2019,,23700,24200,23600,23900,5147390
TCB,60373000000,15/10/2019,,23850,24250,23600,24250,2505730
TCB,49530000000,16/10/2019,,24300,24550,24300,24450,2027890
TCB,57658000000,17/10/2019,,24400,24400,24150,24400,2372790
TCB,29706000000,18/10/2019,,24400,24600,24300,24400,1217000
TCB,38433000000,21/10/2019,,24400,24400,23600,23900,1602090
TCB,30098000000,22/10/2019,,23900,24000,23750,24000,1259780
TCB,28881000000,23/10/2019,,24000,24000,23800,23950,1210010
TCB,34252000000,24/10/2019,,24000,24000,23750,23850,1437210
TCB,32896000000,25/10/2019,,23900,23900,23700,23850,1383270
TCB,39067000000,28/10/2019,,23950,24000,23750,23800,1637090
TCB,33950000000,29/10/2019,,23800,23800,23550,23700,1432590
TCB,35726000000,30/10/2019,,23700,24000,23600,23800,1505720
TCB,29802000000,31/10/2019,,23800,23950,23700,23700,1249530
TCB,30301000000,01/11/2019,,23700,23850,23600,23750,1276580
TCB,95319000000,04/11/2019,,23900,24400,23750,24350,3950490
TCB,65789000000,05/11/2019,,24500,24900,24400,24750,2664570
TCB,41340000000,06/11/2019,,24850,24850,24650,24750,1670500
TCB,29720000000,07/11/2019,,24800,24800,24650,24800,1200940
TCB,102735000000,08/11/2019,,24800,25150,24800,25100,4107220
TCB,90667000000,11/11/2019,,25200,25500,25050,25150,3594060
TCB,35434000000,12/11/2019,,25050,25200,25000,25150,1410930
TCB,82648000000,13/11/2019,,25300,25300,24750,24750,3308350
TCB,44050000000,14/11/2019,,24700,24750,24450,24700,1789980
TCB,33611000000,15/11/2019,,24700,24950,24400,24900,1355990
TCB,32823000000,18/11/2019,,24900,24950,24450,24450,1327810
TCB,24339000000,19/11/2019,,24450,24800,24450,24750,986340
TCB,29075000000,20/11/2019,,24800,24900,24300,24400,1185900
TCB,96061000000,21/11/2019,,24350,24400,23500,23500,4049470
TCB,55161000000,22/11/2019,,24000,24000,22800,23050,2348690
TCB,25608000000,25/11/2019,,23100,23300,22850,23300,1110080
TCB,23325000000,26/11/2019,,23400,23500,23300,23450,995420
TCB,23325000000,26/11/2019,,23400,23500,23300,23450,995420
TCB,19136000000,27/11/2019,,23500,23600,23350,23350,816030
TCB,26098000000,28/11/2019,,23350,23350,22900,22900,1133640
TCB,17290000000,29/11/2019,,23000,23100,22750,22900,754400
TCB,26320000000,02/12/2019,,22950,23050,22600,22700,1156110
TCB,34516000000,03/12/2019,,22700,22750,22350,22550,1530470
TCB,25458000000,04/12/2019,,22550,23450,22550,23450,1112220
TCB,13743000000,05/12/2019,,23450,23550,23100,23250,588750
TCB,11823000000,06/12/2019,,23250,23400,23100,23150,509280
TCB,18358000000,09/12/2019,,23150,23250,22700,22800,799820
TCB,28833000000,10/12/2019,,22750,22800,22300,22400,1281250
TCB,17979000000,11/12/2019,,22500,22750,22500,22700,795470
TCB,23627000000,12/12/2019,,22650,23300,22650,23150,1024340
TCB,20895000000,13/12/2019,,23200,23250,23000,23150,903570
TCB,19253000000,16/12/2019,,23000,23150,22900,23150,837370
TCB,18245000000,17/12/2019,,23100,23150,22750,22750,797100
TCB,15435000000,18/12/2019,,22700,22800,22600,22600,681130
TCB,39205000000,19/12/2019,,22600,22750,22300,22350,1746590
TCB,14803000000,20/12/2019,,22400,22800,22400,22800,653220
TCB,55348000000,23/12/2019,,23000,23250,22900,23100,2394730
TCB,9634000000,24/12/2019,,23150,23150,22850,23000,419130
TCB,13791000000,25/12/2019,,23000,23150,22950,23000,598950
TCB,19682000000,26/12/2019,,23000,23050,22900,23050,855750
TCB,19682000000,26/12/2019,,23000,23050,22900,23050,855750
TCB,18925000000,27/12/2019,,23050,23200,22950,23200,819850
TCB,58065000000,30/12/2019,,23500,23950,23350,23450,2452800
TCB,17193000000,31/12/2019,,23450,23750,23450,23550,731740
TCB,32944000000,02/01/2020,,23550,23850,23500,23800,1387610
TCB,17990000000,03/01/2020,,23900,23950,23650,23650,756700
TCB,27013000000,06/01/2020,,23400,23400,23050,23050,1162990
TCB,24113000000,07/01/2020,,23050,23200,23000,23200,1043300
TCB,39101000000,08/01/2020,,22800,23050,22600,22750,1710390
TCB,46208000000,09/01/2020,,23000,23100,22850,23050,2009840
TCB,85373000000,10/01/2020,,23000,23500,23000,23150,3679110
TCB,20452000000,13/01/2020,,23000,23150,22750,22950,892360
TCB,41467000000,14/01/2020,,22950,23050,22900,22900,1804950
TCB,44162000000,15/01/2020,,22900,23000,22800,22900,1929280
TCB,101396000000,16/01/2020,,22900,23350,22900,23300,4383720
TCB,43864000000,17/01/2020,,23400,23600,23300,23400,1875160
TCB,47051000000,20/01/2020,,23300,23450,23200,23350,2019730
TCB,177264000000,21/01/2020,,23450,24050,23400,24050,7458340
TCB,55650000000,22/01/2020,,24250,24250,23950,24200,2309150
TCB,93175000000,30/01/2020,,23500,23800,22750,22900,4013510
TCB,136689000000,31/01/2020,,22650,22900,21600,21600,6118460
TCB,89026000000,03/02/2020,,20500,22100,20350,21450,4258750
TCB,47435000000,04/02/2020,,21500,21900,21200,21750,2196570
TCB,53143000000,05/02/2020,,22000,22150,21550,21750,2433210
TCB,59030000000,06/02/2020,,21650,22450,21500,22350,2677150
TCB,43427000000,07/02/2020,,22350,22350,21900,22150,1965440
TCB,28500000000,10/02/2020,,21900,22000,21650,21850,1304360
TCB,28598000000,11/02/2020,,21850,22300,21850,22150,1296950
TCB,71439000000,12/02/2020,,22300,22950,22200,22650,3157240
TCB,41056000000,13/02/2020,,22550,22650,22400,22600,1823230
TCB,101518000000,14/02/2020,,23100,23400,22900,23300,4375740
TCB,151167000000,17/02/2020,,23400,23900,23250,23800,6393370
TCB,101877000000,18/02/2020,,23800,24100,23550,23700,4268770
TCB,46638000000,19/02/2020,,23600,23700,23450,23650,1980690
TCB,69521000000,20/02/2020,,23700,23900,23300,23500,2950950
TCB,69237000000,21/02/2020,,23400,23700,23100,23100,2959980
TCB,163603000000,24/02/2020,,22750,22750,21500,21500,7508070
TCB,163603000000,24/02/2020,,22750,22750,21500,21500,7508070
TCB,69883000000,25/02/2020,,21000,22250,20800,22200,3236900
TCB,49743000000,26/02/2020,,21750,22500,21600,22350,2243500
TCB,52336000000,27/02/2020,,22350,22750,22200,22750,2324050
TCB,53746000000,28/02/2020,,22000,22400,21850,22250,2433150
TCB,57491000000,02/03/2020,,22400,22650,22100,22500,2567350
TCB,49193000000,03/03/2020,,22850,23000,22500,22500,2162150
TCB,43262000000,04/03/2020,,22350,22600,22200,22550,1936620
TCB,45597000000,05/03/2020,,22550,22850,22300,22200,2022250
TCB,49396000000,06/03/2020,,22200,22200,21800,22050,2247920
TCB,94581000000,09/03/2020,,20650,21000,20550,20550,4584600
TCB,64870000000,10/03/2020,,20400,21000,20100,20700,3161970
TCB,110973000000,11/03/2020,,20800,20950,19300,19300,5626550
TCB,72969000000,12/03/2020,,18000,18500,17950,17950,4054760
TCB,75200000000,13/03/2020,,16700,18550,16700,18250,4332700
TCB,64285000000,16/03/2020,,18250,18250,17200,17450,3645430
TCB,53913000000,17/03/2020,,17000,17950,16850,17950,3112070
TCB,34190000000,18/03/2020,,18100,18200,17700,17950,1908520
TCB,38396000000,19/03/2020,,17600,17800,17150,17250,2214980
TCB,31362000000,20/03/2020,,17450,17500,17150,17350,1810790
TCB,52966000000,23/03/2020,,16200,17000,16150,16150,3265510
TCB,48002000000,24/03/2020,,16500,16500,16000,16000,2968790
TCB,48624000000,25/03/2020,,16500,16700,16300,16600,2952270
TCB,48624000000,25/03/2020,,16500,16700,16300,16600,2952270
TCB,24144000000,26/03/2020,,16600,16600,16100,16100,1487540
TCB,43740000000,27/03/2020,,16150,16200,15600,16000,2746330
TCB,50361000000,30/03/2020,,15100,15500,14900,14900,3360230
TCB,23575000000,31/03/2020,,15000,15500,14000,15000,1578850
TCB,20095000000,01/04/2020,,15000,15600,14350,15500,1316380
TCB,22620000000,03/04/2020,,15500,15950,15500,15850,1433510
TCB,49662000000,06/04/2020,,16200,16950,16100,16950,2966040
TCB,41169000000,07/04/2020,,17000,17200,16800,16950,2424610
TCB,23345000000,08/04/2020,,16800,16800,16300,16700,1408000
TCB,36826000000,09/04/2020,,17100,17150,16850,16850,2165650
TCB,25129000000,10/04/2020,,16700,16950,16650,16750,1495400
TCB,44141000000,13/04/2020,,16750,17600,16750,17200,2564400
TCB,24766000000,14/04/2020,,17350,17350,16900,17150,1446850
TCB,44098000000,15/04/2020,,17300,17550,17200,17550,2536130
TCB,32335000000,16/04/2020,,17500,17550,17200,17550,1858330
TCB,39838000000,17/04/2020,,17800,17850,17500,17750,2252420
TCB,31383000000,20/04/2020,,17900,17950,17500,17650,1774710
TCB,51945000000,21/04/2020,,17300,17400,16700,16850,3045020
TCB,29241000000,22/04/2020,,16250,17200,16250,16900,1742290
TCB,23966000000,23/04/2020,,17200,17300,16950,16950,1401680
TCB,14509000000,24/04/2020,,17100,17150,16900,17100,851770
TCB,14509000000,24/04/2020,,17100,17150,16900,17100,851770
TCB,13401000000,27/04/2020,,17100,17250,17000,17050,784520
TCB,15659000000,28/04/2020,,17150,17150,16850,17100,921180
TCB,49502000000,29/04/2020,,17100,17550,17000,17200,2860010
TCB,35226000000,04/05/2020,,17200,17700,17150,17400,2018840
TCB,9507000000,05/05/2020,,17500,17600,17350,17400,546010
TCB,20463000000,06/05/2020,,17550,17550,17250,17550,1175100
TCB,42348000000,07/05/2020,,17550,17700,17450,17700,2409540
TCB,134670000000,08/05/2020,,17700,18900,17700,18900,7260470
TCB,94730000000,11/05/2020,,19500,20200,19350,20200,4765680
TCB,68982000000,12/05/2020,,20100,20750,19600,20600,3383520
TCB,96099000000,13/05/2020,,20300,20700,19800,20600,4746350
TCB,68233000000,14/05/2020,,20400,20600,20100,20500,3351270
TCB,60624000000,15/05/2020,,20600,20600,20000,20250,2995800
TCB,61439000000,18/05/2020,,20050,20750,19900,20650,3017660
TCB,87903000000,19/05/2020,,21350,21400,20950,21300,4135900
TCB,40205000000,20/05/2020,,21000,21200,20950,21050,1911850
TCB,75846000000,21/05/2020,,21050,22000,20850,22000,3539410
TCB,70859000000,22/05/2020,,21600,21600,21050,21050,3322040
TCB,41381000000,25/05/2020,,21100,21300,20950,21050,1962970
TCB,46872000000,26/05/2020,,21100,21300,21000,21150,2220450
TCB,56437000000,27/05/2020,,21200,21400,20900,20900,2673490
TCB,33210000000,28/05/2020,,20900,21200,20800,20900,1584390
TCB,22904000000,29/05/2020,,20850,20950,20700,20700,1101170
TCB,49448000000,01/06/2020,,20800,21300,20800,21300,2341100
TCB,52634000000,02/06/2020,,21500,21500,21100,21150,2469400
TCB,43979000000,03/06/2020,,21150,21450,21150,21350,2064360
TCB,47248000000,04/06/2020,,21400,21450,21200,21200,2216760
TCB,47953000000,05/06/2020,,21250,21450,21100,21450,2251740
TCB,72164000000,08/06/2020,,21550,21900,21550,21700,3315180
TCB,36894000000,09/06/2020,,21700,21800,21500,21600,1702620
TCB,49720000000,10/06/2020,,21350,21950,21250,21850,2295880
TCB,74333000000,11/06/2020,,21900,21900,20900,20900,3478310
TCB,77459000000,12/06/2020,,20600,21250,20500,21150,3715000
TCB,47075000000,15/06/2020,,21100,21100,20050,20100,2302220
TCB,30425000000,16/06/2020,,20500,20600,20300,20600,1487150
TCB,28819000000,17/06/2020,,20600,20600,20250,20300,1416900
TCB,12706000000,18/06/2020,,20300,20450,20200,20200,625890
TCB,12909000000,19/06/2020,,20200,20500,20200,20500,632650
TCB,24137000000,22/06/2020,,20950,20950,20500,20750,1166650
TCB,24241000000,23/06/2020,,20750,20800,20600,20650,1173850
TCB,24241000000,23/06/2020,,20750,20800,20600,20650,1173850
TCB,17715000000,24/06/2020,,20700,20750,20400,20500,860730
TCB,23496000000,25/06/2020,,20200,20400,20100,20200,1162400
TCB,13542000000,26/06/2020,,20500,20500,20150,20350,668030
TCB,34674000000,29/06/2020,,20000,20100,19600,19650,1752070
TCB,25198000000,30/06/2020,,19750,19900,19100,19550,1290510
TCB,14715000000,01/07/2020,,19500,19900,19450,19800,751460
TCB,16141000000,02/07/2020,,19950,19950,19500,19750,820250
TCB,11700000000,03/07/2020,,19750,19800,19550,19800,593390
TCB,24464000000,06/07/2020,,19800,20250,19800,20250,1220550
TCB,18166000000,07/07/2020,,20300,20400,20200,20250,895150
TCB,13637000000,08/07/2020,,20200,20250,20100,20100,676840
TCB,64846000000,09/07/2020,,20250,20950,20100,20950,3146430
TCB,28917000000,10/07/2020,,20850,20950,20450,20450,1398740
TCB,35184000000,13/07/2020,,20800,20800,20000,20300,1725580
TCB,36433000000,14/07/2020,,20200,20300,20000,20100,1809120
TCB,34914000000,15/07/2020,,20300,20750,20300,20600,1697190
TCB,34616000000,16/07/2020,,20600,21000,20400,21000,1662150
TCB,24400000000,17/07/2020,,20700,20800,20550,20600,1180670
TCB,23904000000,20/07/2020,,20500,20650,20450,20500,1164560
TCB,16719000000,21/07/2020,,20500,20550,20300,20500,818210
TCB,24930000000,22/07/2020,,20600,20600,20250,20250,1224170
TCB,17418000000,23/07/2020,,20200,20300,20100,20300,861140
TCB,17418000000,23/07/2020,,20200,20300,20100,20300,861140
TCB,58002000000,24/07/2020,,20300,20300,19000,19500,2951240
TCB,49889000000,27/07/2020,,19100,19200,18150,18150,2677650
TCB,52995000000,28/07/2020,,18200,18800,18000,18750,2883870
TCB,32972000000,29/07/2020,,18300,18400,17500,18150,1841250
TCB,17934000000,30/07/2020,,18200,19000,17500,18600,974910
TCB,42247000000,31/07/2020,,18200,18650,18150,18150,2304460
TCB,23058000000,03/08/2020,,18250,18600,18150,18600,1247760
TCB,22893000000,04/08/2020,,18900,19100,18750,18850,1210770
TCB,36617000000,05/08/2020,,18900,19450,18700,19450,1917290
TCB,35986000000,06/08/2020,,19400,19500,19100,19200,1860660
TCB,17643000000,07/08/2020,,19300,19350,19050,19150,920100
TCB,53648000000,10/08/2020,,19300,19700,19300,19400,2743500
TCB,25902000000,11/08/2020,,19550,19550,19300,19450,1334060
TCB,32002000000,12/08/2020,,19450,19700,19450,19650,1634530
TCB,31292000000,13/08/2020,,19750,19850,19600,19800,1584180
TCB,51728000000,14/08/2020,,19800,20200,19650,19800,2588850
TCB,54520000000,17/08/2020,,19750,20150,19750,20100,2732690
TCB,28377000000,18/08/2020,,20100,20200,20000,20050,1410740
TCB,22839000000,19/08/2020,,20100,20250,20000,20200,1132620
TCB,73377000000,20/08/2020,,20200,20250,19850,20000,3659990
TCB,57101000000,21/08/2020,,20100,20400,20100,20350,2817550
TCB,57276000000,24/08/2020,,20750,21000,20500,20950,2749740
TCB,80313000000,25/08/2020,,21000,21400,21000,21300,3775640
TCB,44857000000,26/08/2020,,21200,21300,21000,21100,2116830
TCB,37841000000,27/08/2020,,21100,21200,21000,21150,1792750
TCB,111177000000,28/08/2020,,21300,21850,21250,21600,5154230
TCB,38543000000,31/08/2020,,21600,21800,21250,21300,1793790
TCB,46424000000,01/09/2020,,21300,21700,21100,21700,2171350
TCB,72907000000,03/09/2020,,21750,22100,21700,22000,3326470
TCB,49622000000,04/09/2020,,21700,21900,21700,21850,2276910
TCB,50616000000,07/09/2020,,21850,21950,21200,21200,2350940
TCB,41098000000,08/09/2020,,21350,21500,21050,21500,1935300
TCB,58389000000,09/09/2020,,21100,21500,20950,21200,2762390
TCB,32691000000,10/09/2020,,21300,21600,21300,21450,1524900
TCB,26296000000,11/09/2020,,21250,21450,21100,21300,1236940
TCB,33861000000,14/09/2020,,21300,21550,21300,21500,1578270
TCB,39341000000,15/09/2020,,21500,21550,21350,21350,1835310
TCB,26883000000,16/09/2020,,21350,21450,21250,21400,1258880
TCB,78232000000,17/09/2020,,21400,21600,21250,21300,3654030
TCB,115487000000,18/09/2020,,21400,21800,21350,21800,5334940
TCB,130436000000,21/09/2020,,22000,22300,22000,22300,5874890
TCB,130436000000,21/09/2020,,22000,22300,22000,22300,5874890
TCB,81769000000,22/09/2020,,22200,22450,22050,22350,3669840
TCB,65737000000,23/09/2020,,22350,22500,22250,22300,2941250
TCB,88860000000,24/09/2020,,22250,22450,22100,22450,3988170
TCB,78298000000,25/09/2020,,22450,22500,22250,22400,3497970
TCB,63737000000,28/09/2020,,22350,23000,22250,22850,2811640
TCB,67680000000,29/09/2020,,22900,23000,22550,22550,2973020
TCB,52956000000,30/09/2020,,22550,22600,22300,22600,2357980
TCB,79425000000,01/10/2020,,22650,22900,22600,22800,3497290
TCB,98847000000,02/10/2020,,22900,23000,22350,22550,4381810
TCB,120390000000,05/10/2020,,22550,22750,22250,22550,5363760
TCB,153064000000,06/10/2020,,22700,22750,22200,22400,6850730
TCB,268127000000,07/10/2020,,22300,22350,21800,21800,12159210
TCB,309702000000,08/10/2020,,21900,22000,21350,21350,14366760
TCB,290529000000,09/10/2020,,21500,21950,21300,21350,13523760
TCB,304649000000,12/10/2020,,21700,21850,21200,21200,14203730
TCB,304112000000,13/10/2020,,21250,21650,21200,21350,14215200
TCB,1101607000000,14/10/2020,,21600,22850,21600,22850,48630920
TCB,590491000000,15/10/2020,,23450,23800,22800,22850,25323170
TCB,620217000000,16/10/2020,,22900,23300,22600,22650,27075400
TCB,659203000000,19/10/2020,,22950,23350,22850,23000,28506770
TCB,823473000000,20/10/2020,,23000,24150,23000,23900,34662420
TCB,503925000000,21/10/2020,,24200,24400,23700,23750,20951070
TCB,503925000000,21/10/2020,,24200,24400,23700,23750,20951070
TCB,578948000000,22/10/2020,,23700,24000,23500,23900,24408740
TCB,678919000000,23/10/2020,,24100,24200,23850,24000,28288440
TCB,601745000000,26/10/2020,,24400,24950,23350,23350,24707670
TCB,726763000000,27/10/2020,,23800,23950,23300,23300,30805330
TCB,733752000000,28/10/2020,,23300,23450,22400,22400,32092220
TCB,798896000000,29/10/2020,,22100,22700,21800,21800,36149460
TCB,627201000000,30/10/2020,,22100,22250,21350,21350,28887760
TCB,493916000000,02/11/2020,,21600,21850,21400,21400,22943680
TCB,614777000000,03/11/2020,,21800,22450,21650,22000,27962010
TCB,489521000000,04/11/2020,,22350,22600,22150,22150,21927670
TCB,435075000000,05/11/2020,,22150,22350,21800,21800,19766660
TCB,333445000000,06/11/2020,,21900,22000,21500,21600,15368880
TCB,387727000000,09/11/2020,,21850,22200,21800,22050,17624180
TCB,474066000000,10/11/2020,,22500,22550,22050,22100,21221910
TCB,319649000000,11/11/2020,,22200,22400,22000,22050,14433190
TCB,238802000000,12/11/2020,,22100,22300,22000,22300,10771120
TCB,509973000000,13/11/2020,,22400,23150,22400,23000,22376970
TCB,580439000000,16/11/2020,,23400,23400,22800,22900,25236270
TCB,402256000000,17/11/2020,,23000,23350,22850,23350,17457030
TCB,530875000000,18/11/2020,,23300,23600,23100,23350,22760740
TCB,395893000000,19/11/2020,,23350,23600,23200,23400,16935520
TCB,316689000000,20/11/2020,,23500,23500,23300,23400,13546080
TCB,316689000000,20/11/2020,,23500,23500,23300,23400,13546080
TCB,416708000000,23/11/2020,,23400,23650,23100,23600,17857230
TCB,535195000000,24/11/2020,,23700,24000,23400,23650,22530770
TCB,323916000000,25/11/2020,,23950,23950,23550,23600,13655890
TCB,308439000000,26/11/2020,,23650,23700,23400,23600,13091570
TCB,290453000000,27/11/2020,,23600,23900,23550,23700,12261190
TCB,592865000000,30/11/2020,,23950,24400,23700,24100,24645230
TCB,547089000000,01/12/2020,,23800,24500,23650,24500,22797760
TCB,686877000000,02/12/2020,,24600,25300,24600,25100,27463650
TCB,439606000000,03/12/2020,,25100,25500,25000,25000,17490250
TCB,410699102499.9950,04/12/2020,,24850,25000,24750,24800,16507860
TCB,325971369999.9990,07/12/2020,,24800,25200,24800,25050,13044510
TCB,359494133000.0010,08/12/2020,,25200,25200,24900,25000,14341140
TCB,486210031500.0020,09/12/2020,,25100,25900,25050,25750,19001670
TCB,464557917499.9970,10/12/2020,,26000,26000,25300,25300,18133060
TCB,358440856999.9990,11/12/2020,,25300,25650,25050,25650,14116670
TCB,408539425999.9950,14/12/2020,,25900,26300,25700,26200,15694300
TCB,358539630999.9960,15/12/2020,,26100,26350,25950,26150,13700860
TCB,799800636999.9990,16/12/2020,,26450,27950,26400,27950,29092450
TCB,853223916000.0030,17/12/2020,,28000,29350,27950,28350,29802380
TCB,441341814500.0020,18/12/2020,,28500,29250,28500,29200,15252570
TCB,673435806999.9950,21/12/2020,,29500,29900,29100,29400,22777010
TCB,499895374499.9960,22/12/2020,,29150,29500,29050,29200,17109090
TCB,561176591000.0020,23/12/2020,,29200,29250,28500,28700,19453550
TCB,723384603500.0120,24/12/2020,,28900,28900,26900,27950,26106600
TCB,490947472500.0010,25/12/2020,,27950,29600,27700,29550,17113750
TCB,433838929999.9980,28/12/2020,,29900,30300,29500,29700,14471300
TCB,384022001999.9980,29/12/2020,,29650,29900,29500,29750,12909770
TCB,498313937000.0030,30/12/2020,,29800,30550,29700,29900,16579440
TCB,504945594000.0050,31/12/2020,,29950,31750,29900,31500,16486510
TCB,613946930000.0060,04/01/2021,,32000,33400,31900,33000,18607800
TCB,471763324999.9970,05/01/2021,,32750,33350,32550,33050,14280100
TCB,676760990000.0020,06/01/2021,,33200,34100,32950,33200,20222300
TCB,557933364999.9980,07/01/2021,,33750,34600,33400,34600,16387200
TCB,605116810000,08/01/2021,,35000,36250,34900,35700,16947900
TCB,499479850000.0020,11/01/2021,,35750,36250,35200,35250,13980300
TCB,572490599999.9960,12/01/2021,,35000,35500,34500,35100,16418200
TCB,405686875000,13/01/2021,,35450,36000,35100,35150,11399600
TCB,425017514999.9980,14/01/2021,,35350,35800,34850,35750,11995200
TCB,640321074999.9940,15/01/2021,,36300,37550,36250,36850,17357400
TCB,491331729999.9960,18/01/2021,,37200,37200,35900,36200,13377400
TCB,791646960000.0170,19/01/2021,,35900,36400,33700,33900,22796500
TCB,791646960000.0170,19/01/2021,,35900,36400,33700,33900,22796500
TCB,867539439999.9990,20/01/2021,,34200,34750,32000,34500,25772300
TCB,506374779999.9980,21/01/2021,,35250,36200,34500,36200,14253300
TCB,448580079999.9980,22/01/2021,,36450,36900,35800,36300,12347400
TCB,562632649999.9980,25/01/2021,,35750,36350,35600,35800,15639600
TCB,632573444999.9950,26/01/2021,,35500,35800,33500,35000,18111400
TCB,633781164999.9960,27/01/2021,,34250,35250,32650,33500,18775400
TCB,861177364999.9860,28/01/2021,,31500,33000,31200,31200,27121100
TCB,869723025000.0060,29/01/2021,,29600,33350,29600,32000,27420900
TCB,492745680000.0030,01/02/2021,,32000,33500,31550,32200,15146700
TCB,447575630000.0040,02/02/2021,,32200,34100,31950,34000,13498900
TCB,632906350000.0040,03/02/2021,,34500,35500,34000,35000,18238700
TCB,497530345000.0040,04/02/2021,,35000,35600,34600,35000,14141400
TCB,514332319999.9880,05/02/2021,,35300,36300,35100,36300,14358200
TCB,751768709999.9960,08/02/2021,,36300,36500,34000,35000,21272800
TCB,596428444999.9910,09/02/2021,,35200,36400,34700,36000,16738000
TCB,796879710000.0160,17/02/2021,,36900,38400,36500,38400,21134000
TCB,609705349999.9990,18/02/2021,,38500,39200,38000,38900,15791300
TCB,609705349999.9990,18/02/2021,,38500,39200,38000,38900,15791300
TCB,494487929999.9940,19/02/2021,,38200,39100,38200,38700,12801300
TCB,557980164999.9890,22/02/2021,,38650,38850,38000,38600,14466800
TCB,1046728764999.96,23/02/2021,,38800,40350,38800,39800,26384200
TCB,566824095000.0130,24/02/2021,,40200,40200,38900,39100,14395400
TCB,641906640000.0160,25/02/2021,,39500,39500,38500,39100,16440500
TCB,592567520000.0080,26/02/2021,,38300,39350,38300,39250,15265000
TCB,502472064999.9940,01/03/2021,,39700,40250,39300,40200,12622200
TCB,346234095000.0060,02/03/2021,,40700,40750,40000,40300,8576800
TCB,339709380000.0050,03/03/2021,,40350,40500,40000,40350,8441900
TCB,640619845000.0170,04/03/2021,,40400,40500,38600,39050,16228300
TCB,433237904999.9990,05/03/2021,,38900,39350,38300,39200,11169600
TCB,422097240000.0010,08/03/2021,,39500,39700,38500,38850,10807100
TCB,409321785000.0010,09/03/2021,,38600,39300,38200,38950,10594100
TCB,353483509999.9970,10/03/2021,,39000,39400,38500,39300,9050000
TCB,615736130000.0080,11/03/2021,,39700,40500,39450,40150,15369300
TCB,322692935000,12/03/2021,,40400,40500,39750,40050,8046800
TCB,347438650000.0050,15/03/2021,,40200,40500,39900,40100,8638500
TCB,459936994999.9990,16/03/2021,,40100,40200,39300,39850,11577300
TCB,382995215000.0050,17/03/2021,,40000,40400,39700,40300,9542800
TCB,679177990000.0140,18/03/2021,,41200,41950,40700,41950,16410100
TCB,310199479999.9980,19/03/2021,,41500,42150,41500,42000,7413700
TCB,438237410000.0020,22/03/2021,,42000,42000,41150,41300,10554500
TCB,530333189999.99,23/03/2021,,41100,41400,40400,40450,12997700
TCB,549206534999.9950,24/03/2021,,39800,40450,39300,39300,13792100
TCB,411657624999.9980,25/03/2021,,39400,39800,39200,39350,10420800
TCB,397640969999.9990,26/03/2021,,39150,39650,38400,39400,10188400
TCB,330730295000,29/03/2021,,39700,39750,39150,39550,8380600
TCB,429537985000.0030,30/03/2021,,39700,40400,39450,40050,10768300
TCB,416784589999.9990,31/03/2021,,40200,40950,40050,40400,10304100
TCB,450381140000.0030,01/04/2021,,40500,41000,40250,41000,11065800
TCB,343248195000.0050,02/04/2021,,41600,41800,41200,41250,8261300
TCB,457127805000.0060,05/04/2021,,41700,41800,41150,41500,11025600
TCB,626474179999.9950,06/04/2021,,41450,42500,41100,42200,14957000
TCB,326652974999.9960,07/04/2021,,42000,42550,41800,42200,7728400
TCB,316011000000,08/04/2021,,42400,42450,41700,41950,7518800
TCB,334623399999.9960,09/04/2021,,41700,42000,41500,41600,8022500
TCB,629061950000.0040,12/04/2021,,42000,42300,41600,42150,14990200
TCB,634782830000.01,13/04/2021,,42500,42500,41500,41600,15104100
TCB,404572625000.0020,14/04/2021,,41100,41950,40900,41800,9753300
TCB,608576860000,15/04/2021,,41950,41950,40900,40900,14745100
TCB,624151329999.9930,16/04/2021,,41950,41200,39600,40450,15488700
TCB,457371625000.0010,19/04/2021,,40800,41700,40000,41600,11234400
TCB,457371625000.0010,19/04/2021,,40800,41700,40000,41600,11234400
TCB,465965700000.0030,20/04/2021,,41550,41900,40800,41150,11225000
TCB,338445870000.0040,22/04/2021,,40700,41100,39700,39700,8352800
TCB,422252170000,23/04/2021,,39750,40550,39100,40500,10600700
TCB,484995404999.9940,26/04/2021,,40500,40800,39450,39450,12155400
TCB,293148334999.9990,27/04/2021,,39450,40100,39350,39500,7370000
TCB,242673755000,28/04/2021,,39500,40400,39500,39950,6065200
TCB,736867199999.9960,29/04/2021,,40050,41750,39950,41000,17966700
TCB,1349507229999.98,04/05/2021,,40300,43400,40100,43400,31749800
TCB,1281765685000.05,05/05/2021,,44400,46400,44350,45950,28214800
TCB,1235803889999.97,06/05/2021,,45100,47450,45050,47100,26766000
TCB,1039774799999.98,07/05/2021,,46800,47800,46400,47050,22027500
TCB,931461650000.0120,10/05/2021,,46800,48400,46700,48100,19611400
TCB,764939555000.0030,11/05/2021,,48100,48250,47000,47000,16021800
TCB,1126794494999.99,12/05/2021,,46700,49250,46700,49250,23553400
TCB,888407785000.0170,13/05/2021,,48950,49850,48000,48000,18045200
TCB,676125544999.9960,14/05/2021,,48900,48950,48150,48650,13905300
TCB,825613355000.0350,17/05/2021,,48750,49100,47600,47850,17123600
TCB,813645669999.9990,18/05/2021,,47700,48900,47550,48350,16910000
TCB,858840559999.9930,19/05/2021,,48400,50200,48400,50100,17467900
TCB,858840559999.9930,19/05/2021,,48400,50200,48400,50100,17467900
TCB,661897000000,20/05/2021,,50700,50800,49900,50200,13171300
TCB,959496604999.9940,21/05/2021,,50000,51700,49850,50800,18850300
TCB,745454819999.9910,24/05/2021,,50700,51200,50400,50900,14666700
TCB,546971959999.9950,25/05/2021,,51200,52100,51200,51600,10560300
TCB,855228510000.0210,26/05/2021,,51600,53000,51200,52800,16505900
TCB,831479000000,27/05/2021,,53200,53500,50800,51400,15941600
TCB,1042070530000,28/05/2021,,51700,53300,51200,53000,20002700
TCB,903706619999.9890,31/05/2021,,53200,53700,52200,53700,17054600
TCB,664900329999.9880,01/06/2021,,54100,54300,53000,53100,12358200
TCB,1291183939999.94,02/06/2021,,52900,53300,51800,52800,24560900
TCB,1281508749999.93,03/06/2021,,53300,55100,52800,54800,23735700
TCB,731145239999.9810,04/06/2021,,54800,55200,54000,54600,13371600
TCB,1074552079999.95,07/06/2021,,53000,54400,51000,52400,20392100
TCB,1291639635000.06,08/06/2021,,52300,52900,49000,49500,25295000
TCB,1123725110000.04,09/06/2021,,49700,51100,49000,50800,22397000
TCB,552183620000.0040,10/06/2021,,50800,51200,50000,50100,10935100
TCB,1543460600000.09,11/06/2021,,50500,53200,50100,52600,29600800
TCB,887282000000,14/06/2021,,52700,53300,52000,52700,16827800
TCB,1032630120000,15/06/2021,,52600,53200,52000,52300,19611800
TCB,1053127260000,16/06/2021,,51500,52200,50500,50700,20575900
TCB,937430000000.0220,17/06/2021,,49500,50800,49500,50200,18677800
TCB,507308930000.0070,18/06/2021,,51000,51400,50600,51000,9956600
TCB,507308930000.0070,18/06/2021,,51000,51400,50600,51000,9956600
TCB,751820860000.0310,21/06/2021,,50500,51000,50000,50400,14920700
TCB,874361419999.9540,22/06/2021,,50800,51300,50300,50900,17224200
TCB,673005350000.0010,23/06/2021,,50900,52100,50600,51100,13102300
TCB,548242370000.0020,24/06/2021,,51300,51700,50600,50900,10692100
TCB,559496419999.9960,25/06/2021,,51000,51600,50400,51600,10947700
TCB,1372411000000,28/06/2021,,52500,54000,52200,53600,25721100
TCB,859042319999.9840,29/06/2021,,53600,53800,52800,53500,16059200
TCB,608304650000.0090,30/06/2021,,53400,53800,52600,52700,11461700
TCB,1022672669999.99,01/07/2021,,52900,53500,52100,53300,19326700
TCB,1597260509999.85,02/07/2021,,54200,54900,53600,54300,29377200
TCB,2669288060000.02,05/07/2021,,54800,58100,53800,58000,47547200
TCB,1305439219999.97,06/07/2021,,57800,58600,54000,54000,23008200
TCB,2081091680000.10,07/07/2021,,55000,56600,53600,56600,37766000
TCB,1549682219999.96,08/07/2021,,55800,57400,55600,56600,27362400
TCB,2185100190000.01,09/07/2021,,56100,58500,55600,56600,38234300
TCB,3115111880000.51,12/07/2021,,55500,56500,52700,53500,58235500
TCB,1077013289999.99,13/07/2021,,54100,54300,52800,53900,20072400
TCB,1743416519999.83,14/07/2021,,53700,53800,50600,51000,33443400
TCB,1057424660000.01,15/07/2021,,51000,53200,50800,52100,20322400
TCB,730410969999.9780,16/07/2021,,52600,52900,51600,51600,13987500
TCB,1935871249999.96,19/07/2021,,50000,50900,48000,48000,39327900
TCB,1147945479999.98,20/07/2021,,48300,49600,47000,49500,23861200
TCB,943702770000.0050,21/07/2021,,50600,51400,49600,50300,18598700
TCB,705667154999.9920,22/07/2021,,50100,51500,49800,51100,13886900
TCB,1009382655000.04,23/07/2021,,50600,51100,49500,49500,20067800
TCB,707920080000.0240,26/07/2021,,49000,49650,48700,49000,14424400
TCB,661388114999.9810,27/07/2021,,50000,50300,49550,49750,13266100
TCB,372353279999.9990,28/07/2021,,49750,50300,49500,49700,7468600
TCB,632580670000.0160,29/07/2021,,50100,50800,50000,50600,12542100
TCB,865889900000.0310,30/07/2021,,50700,51600,50500,51100,16932500
TCB,716149000000,02/08/2021,,51000,51400,50600,50800,14030000
TCB,1180897610000.02,03/08/2021,,50800,52000,50800,51800,22927700
TCB,1002066949999.92,04/08/2021,,52500,52600,51800,52000,19177300
TCB,628937849999.9990,05/08/2021,,51900,52700,51700,52500,12021200
TCB,844236009999.9580,06/08/2021,,52500,53200,51800,51800,16084300
TCB,788587869999.9650,09/08/2021,,51500,52700,51300,52500,15208100
TCB,642292379999.9810,10/08/2021,,53000,53000,51900,52300,12265300
TCB,1078719000000,11/08/2021,,52300,53500,51900,52300,20471000
TCB,617266769999.98,12/08/2021,,52400,53000,52000,52000,11779000
TCB,796356270000.0210,13/08/2021,,52000,52200,51100,52200,15402000
TCB,1611070479999.97,16/08/2021,,52300,54400,52100,54000,30299500
TCB,860409429999.98,17/08/2021,,54300,54700,52800,53300,16002700
TCB,860409429999.98,17/08/2021,,54300,54700,52800,53300,16002700
TCB,684655780000.02,18/08/2021,,53000,53500,52500,52800,12905800
TCB,986255699999.9820,19/08/2021,,52500,53300,52100,53000,18765300
TCB,1619822645000,20/08/2021,,52800,53000,49800,50500,31461200
TCB,1286597594999.96,23/08/2021,,50300,50800,48750,48750,26003500
TCB,791188275000.0150,24/08/2021,,48750,49200,48400,49000,16213400
TCB,461897840000.0050,25/08/2021,,48900,49200,48500,49150,9431100
TCB,493395609999.9930,26/08/2021,,49300,49350,48200,48300,10111900
TCB,935881850000.0330,27/08/2021,,47800,48150,47000,48050,19689500
TCB,597900215000.0050,30/08/2021,,48600,49400,48100,49200,12298900
TCB,380362504999.9940,31/08/2021,,49500,49500,47000,48500,7773900
TCB,412907950000.0090,01/09/2021,,48200,48950,48200,48300,8530000
TCB,622875879999.99,06/09/2021,,48650,48950,47900,48950,12880500
TCB,576608095000,07/09/2021,,49050,50400,49050,49650,11611100
TCB,351958545000.0050,08/09/2021,,49600,49650,48600,48800,7150900
TCB,383855665000.0080,09/09/2021,,48500,49500,48500,49300,7854400
TCB,356624565000,10/09/2021,,49800,49800,49000,49300,7222000
TCB,334323485000.0010,13/09/2021,,49150,49450,48900,48950,6802200
TCB,299732129999.9950,14/09/2021,,48950,49100,48500,48500,6142500
TCB,244280605000.0010,15/09/2021,,48200,48800,48100,48400,5037600
TCB,270249820000.0020,16/09/2021,,48900,49150,48600,49100,5523500
TCB,270249820000.0020,16/09/2021,,48900,49150,48600,49100,5523500
TCB,410387959999.9920,17/09/2021,,49200,49900,49200,49750,8274500
TCB,666827769999.9890,20/09/2021,,50500,51600,50100,50700,13074700
TCB,505964889999.9980,21/09/2021,,50100,50900,49750,50400,10058100
TCB,249183364999.9980,22/09/2021,,50900,50900,49900,50500,4960100
TCB,435571609999.9990,23/09/2021,,50600,51300,50000,50200,8627900
TCB,374496129999.9970,24/09/2021,,50700,51500,50300,50600,7364700
TCB,344849339999.9980,27/09/2021,,50700,51100,49500,49500,6850300
TCB,274511840000,28/09/2021,,49300,49850,48800,49800,5568700
TCB,279718960000,29/09/2021,,49200,49750,48900,49400,5676700
TCB,263541289999.9990,30/09/2021,,49700,50400,49600,49600,5275100
TCB,320387825000,01/10/2021,,49600,49800,48900,49000,6502800
TCB,461012664999.9860,04/10/2021,,48800,48950,48300,48350,9510600
TCB,288172120000.0010,05/10/2021,,48600,49200,48600,49100,5889900
TCB,427175990000.0060,06/10/2021,,49450,50500,49200,50300,8579800
TCB,272705549999.9980,07/10/2021,,50600,50800,50000,50000,5414900
TCB,385622669999.9920,08/10/2021,,50100,50900,50000,50700,7634900
TCB,1207575090000.01,11/10/2021,,51000,53000,51000,53000,23096400
TCB,753561980000.0190,12/10/2021,,53400,53400,52600,53000,14216500
TCB,748479170000.0110,13/10/2021,,53000,53200,52300,52400,14188100
TCB,1039164079999.99,14/10/2021,,52500,53000,52200,52500,19788700
TCB,629363859999.9970,15/10/2021,,52900,52900,52300,52600,11950400
TCB,797870779999.9950,18/10/2021,,53200,53600,52700,52900,15018000
TCB,746444970000.0170,19/10/2021,,52900,53000,52000,52700,14167300
TCB,1205217610000.04,20/10/2021,,52800,53900,52500,53200,22695300
TCB,816926190000.0110,21/10/2021,,54000,54000,52900,52900,15317400
TCB,612795689999.9980,22/10/2021,,52900,53000,52200,52300,11640600
TCB,1464419550000.09,25/10/2021,,52100,52100,50800,50900,28527000
TCB,1016998000000,26/10/2021,,50400,51000,49950,51000,20157800
TCB,860192000000,27/10/2021,,51200,51800,50900,51500,16750100
TCB,716636000000,28/10/2021,,52000,52100,51500,51800,13859600
TCB,657819580000.0260,29/10/2021,,51900,52000,51300,51600,12744400
TCB,1315917990000,01/11/2021,,51700,52500,51500,51600,25398000
TCB,798566320000,02/11/2021,,51800,51800,51500,51600,15468300
TCB,2118201649999.98,03/11/2021,,52300,54200,52000,53700,39738000
TCB,994972110000.0320,04/11/2021,,53700,54200,52800,53300,18683600
TCB,713015370000.0190,05/11/2021,,53500,53500,52700,53000,13453700
TCB,1116373000000,08/11/2021,,52800,53300,52300,52600,21189500
TCB,1136179000000,09/11/2021,,53000,53300,52300,52300,21533900
TCB,1014086819999.97,10/11/2021,,52600,52700,51600,51700,19484600
TCB,1123703349999.95,11/11/2021,,51700,52400,50700,51500,21838500
TCB,657666640000,12/11/2021,,51400,52700,51100,52500,12719800
TCB,580414509999.9920,15/11/2021,,52800,53000,51900,52000,11079700
TCB,580414509999.9920,15/11/2021,,52800,53000,51900,52000,11079700
TCB,653584109999.9820,16/11/2021,,52000,52900,51600,52000,12519700
TCB,629570969999.9970,17/11/2021,,52000,52400,51700,52200,12113200
TCB,664064880000.0030,18/11/2021,,52000,52200,51400,51500,12833900
TCB,1567944210000.07,19/11/2021,,51800,53400,51200,52300,29907300
TCB,1263582819999.99,22/11/2021,,52300,54800,52300,53100,23613400
TCB,559089560000.0050,23/11/2021,,53400,53500,52400,52600,10596400
TCB,2832804299999.89,24/11/2021,,52600,55700,52300,55500,52375300
TCB,993472629999.9990,25/11/2021,,56000,56000,54700,54900,17981000
TCB,1197295929999.96,26/11/2021,,55100,55500,53900,54000,21915600
TCB,1486598180000.01,29/11/2021,,53000,53400,52100,52300,28236300
TCB,1277234979999.97,30/11/2021,,53100,53100,51500,51800,24494700
TCB,588027789999.9910,01/12/2021,,51600,52400,51500,52400,11339500
TCB,468320650000.0040,02/12/2021,,52400,52600,51700,51700,8970600
TCB,800128489999.9970,03/12/2021,,52000,52200,50200,50200,15571600
TCB,1138768164999.97,06/12/2021,,50300,51000,48650,49000,22907100
TCB,446230584999.9970,07/12/2021,,49600,50300,49350,50000,8982100
TCB,383461600000.0030,08/12/2021,,50200,50800,49900,50000,7649900
TCB,260540835000.0010,09/12/2021,,50000,50400,49850,50400,5203500
TCB,378916580000.0050,10/12/2021,,50500,50900,50100,50200,7507300
TCB,372822335000,13/12/2021,,50300,50400,49950,50000,7440600
TCB,358442540000.0030,14/12/2021,,50000,50800,49850,50100,7138200
TCB,342656275000.0010,15/12/2021,,50300,50800,49950,50200,6818200
TCB,342656275000.0010,15/12/2021,,50300,50800,49950,50200,6818200
TCB,316319014999.9960,16/12/2021,,50500,50500,49850,49850,6325600
TCB,394367374999.9930,17/12/2021,,50000,50100,49800,49850,7903900
TCB,382149590000.0080,20/12/2021,,49850,50000,49350,49500,7689900
TCB,358087314999.9940,21/12/2021,,49500,49700,49200,49250,7255100
TCB,617403920000.0030,22/12/2021,,49300,49500,48300,48900,12625100
TCB,647776220000.0150,23/12/2021,,48850,48850,47300,47350,13503100
TCB,296581140000.0010,24/12/2021,,47450,49150,47450,48900,6139300
TCB,231329025000.0010,27/12/2021,,49400,49400,48500,48850,4727500
TCB,365826640000.0090,28/12/2021,,49250,49350,48700,49150,7473500
TCB,302703340000.0050,29/12/2021,,49150,49650,49000,49100,6141700
TCB,262777160000,30/12/2021,,49200,49750,49000,49300,5321600
TCB,477517399999.9950,31/12/2021,,49500,50500,49450,50000,9547100
TCB,577575009999.9960,04/01/2022,,50500,51200,50300,50900,11334600
TCB,486079759999.9990,05/01/2022,,50900,51200,50300,50500,9569600
TCB,535718304999.9980,06/01/2022,,50200,50400,49600,49900,10716700
TCB,388457965000.0060,07/01/2022,,49900,50100,49400,49450,7832200
TCB,431144000000,10/01/2022,,49500,49600,48650,48650,8771400
TCB,355696474999.9980,11/01/2022,,48900,49100,48400,48450,7296500
TCB,595491085000.0030,12/01/2022,,48450,50400,48400,50400,12044200
TCB,735138950000,13/01/2022,,50900,51800,50200,50500,14417100
TCB,259520079999.9990,14/01/2022,,50000,50400,49500,49750,5187100
TCB,259520079999.9990,14/01/2022,,50000,50400,49500,49750,5187100
TCB,543231670000.0050,17/01/2022,,49700,50500,48600,48600,10990600
TCB,384964155000.0010,18/01/2022,,48600,49450,48500,48750,7885200
TCB,207139755000,19/01/2022,,49000,49400,48800,48850,4221900
TCB,313847700000.0010,20/01/2022,,48650,49400,48600,48850,6430300
TCB,515169675000.0020,21/01/2022,,49000,50800,48900,49800,10321600
TCB,824755415000.0130,24/01/2022,,49950,51400,49800,50300,16269200
TCB,747068290000.0240,25/01/2022,,51200,52100,51000,51900,14466300
TCB,791579150000.0280,26/01/2022,,52400,53300,52000,52400,15042300
TCB,419351300000.0010,27/01/2022,,52000,52700,51500,51900,8044000
TCB,540953730000.0060,28/01/2022,,51900,53000,51600,52800,10292900
TCB,522380640000.0010,07/02/2022,,53700,53800,52800,52800,9809900
TCB,884138290000.0220,08/02/2022,,52800,54300,52800,53800,16481000
TCB,943843800000.0250,09/02/2022,,54000,54900,53600,53600,17391000
TCB,602485679999.9910,10/02/2022,,53600,54200,53100,53600,11224900
TCB,419677009999.9910,11/02/2022,,53500,53800,53000,53700,7847800
TCB,984180359999.9570,14/02/2022,,53200,53200,51500,51500,18771500
TCB,443323520000.0020,15/02/2022,,51600,52100,51300,51800,8584300
TCB,319404349999.9990,16/02/2022,,52200,52200,51500,51600,6174400
TCB,379592850000.0010,17/02/2022,,51600,52500,51600,52200,7301000
TCB,338206330000.0010,18/02/2022,,51700,52000,51500,51600,6543700
TCB,443155710000.0020,21/02/2022,,51600,51700,50800,51500,8654200
TCB,539136950000.0090,22/02/2022,,51000,51700,50600,51400,10561000
TCB,320334559999.9970,23/02/2022,,51700,52200,51400,51700,6188300
TCB,788566245000.0320,24/02/2022,,51500,51900,49800,50500,15534300
TCB,339171400000.0010,25/02/2022,,51000,51300,50500,50700,6665900
TCB,358589369999.9930,28/02/2022,,50500,50900,50200,50400,7106100
TCB,349846440000.0050,01/03/2022,,50700,50700,50100,50300,6945900
TCB,886636000000,02/03/2022,,50100,50100,49200,49200,17893700
TCB,365219784999.9870,03/03/2022,,49500,49900,49150,49650,7391900
TCB,351033845000,04/03/2022,,49750,50400,49500,49950,7022700
TCB,400842019999.9880,07/03/2022,,49500,49600,49100,49250,8122400
TCB,430258519999.9970,08/03/2022,,49000,49500,48800,49000,8766400
TCB,340991605000,09/03/2022,,49000,49350,48900,49100,6957800
TCB,217177075000.0020,10/03/2022,,49800,49800,49250,49250,4387100
TCB,314236415000.0060,11/03/2022,,49200,49200,48700,48900,6422600
TCB,250441945000,14/03/2022,,48800,48900,48300,48500,5161200
TCB,186619540000.0010,15/03/2022,,48600,49000,48500,48600,3829700
TCB,186619540000.0010,15/03/2022,,48600,49000,48500,48600,3829700
TCB,222670820000,16/03/2022,,48800,49450,48800,49050,4542000
TCB,159734560000,17/03/2022,,49450,49500,49000,49000,3249200
TCB,143328949999.9980,18/03/2022,,49150,49400,49100,49200,2909700
TCB,193245045000.0010,21/03/2022,,49250,49550,49100,49450,3921900
TCB,297030925000.0030,22/03/2022,,49550,50300,49500,49900,5953800
TCB,170246855000,23/03/2022,,49900,50200,49600,49600,3409900
TCB,159014860000.0010,24/03/2022,,49600,49800,49300,49300,3214000
TCB,156585625000,25/03/2022,,49400,49450,49150,49250,3175400
TCB,321845825000.0010,28/03/2022,,49150,49150,48350,48800,6597500
TCB,209057960000,29/03/2022,,48900,49150,48650,48900,4272400
TCB,277026155000.0010,30/03/2022,,48900,49900,48900,49150,5598900
TCB,259440355000.0010,31/03/2022,,49500,49700,49300,49550,5248700
TCB,478640945000.0090,01/04/2022,,49550,50400,49400,50300,9575500
TCB,488163074999.9860,04/04/2022,,50400,50600,49650,49650,9775600
TCB,285601635000,05/04/2022,,49400,49500,49050,49050,5803000
TCB,443282159999.9990,06/04/2022,,48900,49900,48700,49900,9012200
TCB,297645910000.0020,07/04/2022,,49900,50300,49300,49300,5971000
TCB,344361145000.0080,08/04/2022,,49400,49400,48800,48850,7030100
TCB,401185460000.0010,12/04/2022,,48700,48900,47900,48000,8278800
TCB,323271889999.9950,13/04/2022,,48400,48450,47900,48000,6722300
TCB,397624529999.9930,14/04/2022,,48050,48350,47150,47300,8324100
TCB,397624529999.9930,14/04/2022,,48050,48350,47150,47300,8324100
TCB,861283269999.9480,15/04/2022,,47300,47300,45600,45600,18618800
TCB,520410299999.9990,18/04/2022,,46000,46250,44800,44850,11505300
TCB,323485884999.9980,19/04/2022,,45000,45450,43500,43700,7232900
TCB,344885949999.9950,20/04/2022,,43700,44200,43050,43050,7909800
TCB,435896749999.9990,21/04/2022,,43000,44000,42900,43600,10019500
TCB,295650139999.9980,22/04/2022,,44000,44750,43550,44100,6684800
TCB,518533000000,25/04/2022,,44200,44300,41050,41050,12317000
TCB,453796359999.9940,26/04/2022,,40600,42000,38850,41500,11120700
TCB,254818190000.0010,27/04/2022,,41500,42200,40900,41600,6154800
TCB,199363515000.0020,28/04/2022,,41650,42800,41650,42300,4729300
TCB,423691365000.0010,29/04/2022,,42300,44000,42200,44000,9795500
TCB,272405845000,04/05/2022,,43500,43650,42000,42000,6384600
TCB,201901639999.9980,05/05/2022,,42850,42850,41400,42600,4804200
TCB,204669385000.0010,06/05/2022,,41700,42300,41500,41500,4889500
TCB,487682234999.9990,09/05/2022,,41200,41400,38600,38600,12361700
TCB,388949045000.0010,10/05/2022,,37450,38850,37450,38700,10236300
TCB,158490085000,11/05/2022,,39000,39450,38450,39000,4071500
TCB,273650115000.0030,12/05/2022,,39000,39000,36300,36300,7306300
TCB,531130760000.0140,13/05/2022,,36300,36800,33800,33800,15203300
TCB,402044054999.9990,16/05/2022,,35100,35800,32600,32600,11689600
TCB,316569844999.99,17/05/2022,,32600,34850,32550,34850,9447600
TCB,315065380000.0010,18/05/2022,,35700,36900,35350,36050,8689300
TCB,203980154999.9990,19/05/2022,,35400,36400,35200,35800,5692200
TCB,195735890000,20/05/2022,,35800,36450,35350,35700,5443200
TCB,187283014999.9990,23/05/2022,,35800,36200,34850,34850,5290600
TCB,148977880000.0010,24/05/2022,,34800,35250,34400,35250,4270100
TCB,243336180000,25/05/2022,,35850,36650,35500,36500,6709700
TCB,172863345000,26/05/2022,,36700,37250,36550,36700,4687800
TCB,214796685000.0010,27/05/2022,,36900,37450,36850,37450,5777300
TCB,159089000000,30/05/2022,,38000,38000,37450,37750,4224300
TCB,191145080000.0010,31/05/2022,,37450,37600,37150,37150,5119800
TCB,142202440000.0010,01/06/2022,,37000,37700,36650,36850,3829000
TCB,129871744999.9990,02/06/2022,,36900,37000,36000,36400,3533700
TCB,110575705000,03/06/2022,,36350,36850,36050,36450,3040200
TCB,140132775000,06/06/2022,,36450,36800,36000,36050,3845100
TCB,164547300000,07/06/2022,,36000,36200,35000,36200,4640800
TCB,238064499999.9990,08/06/2022,,36300,37450,36150,37250,6456800
TCB,215488754999.9990,09/06/2022,,37250,37550,37050,37400,5776000
TCB,312805160000.0010,10/06/2022,,37000,38900,36950,37950,8194200
TCB,244080370000,13/06/2022,,37000,37250,35950,36000,6673500
TCB,244080370000,13/06/2022,,37000,37250,35950,36000,6673500
TCB,133545940000.0010,14/06/2022,,35300,36300,35200,35750,3740800
TCB,193722000000,15/06/2022,,35700,36150,35050,35700,5449100
TCB,212830735000,16/06/2022,,35900,36500,35600,36050,5916100
TCB,172683439999.9990,17/06/2022,,35050,35400,33850,34500,4994900
TCB,135488130000.0010,20/06/2022,,34500,35200,33000,33000,4004000
TCB,163628185000,21/06/2022,,33100,33800,32800,33000,4900200
TCB,212996569999.9990,22/06/2022,,33750,35300,33450,34800,6208200
TCB,167301090000,23/06/2022,,34800,36400,34550,35950,4708100
TCB,106523620000,24/06/2022,,35950,36100,35500,35500,2969100
TCB,153019985000,27/06/2022,,35550,35950,35500,35550,4282300
TCB,193973200000,28/06/2022,,35500,36950,35350,36700,5342500
TCB,111834214999.9990,29/06/2022,,36200,37150,36200,36750,3048300
TCB,129887540000,30/06/2022,,36550,37100,35550,35550,3566500
TCB,123041790000,01/07/2022,,35600,36250,34850,36000,3473300
TCB,114648454999.9990,04/07/2022,,36250,36700,36050,36350,3148000
TCB,409073909999.9940,05/07/2022,,36600,38250,36350,37750,10888900
TCB,229276939999.9990,06/07/2022,,37500,38400,37200,37600,6055300
TCB,133951134999.9990,07/07/2022,,37450,38000,37000,37800,3567400
TCB,153126104999.9990,08/07/2022,,37950,38000,37350,37550,4058400
TCB,306096279999.9980,11/07/2022,,37050,37300,35500,35600,8452700
TCB,140526895000.0010,12/07/2022,,35800,36100,35650,36100,3916500
TCB,114558349999.9990,13/07/2022,,36150,36800,36000,36100,3156800
TCB,114558349999.9990,13/07/2022,,36150,36800,36000,36100,3156800
TCB,104532280000,14/07/2022,,35900,36300,35850,35950,2902000
TCB,148628680000,15/07/2022,,36100,36550,36100,36100,4094300
TCB,109112570000,18/07/2022,,36300,36850,36100,36300,2990600
TCB,92579955000.0003,19/07/2022,,36250,36300,35750,36100,2566900
TCB,179357665000.0010,20/07/2022,,36500,36600,36200,36300,4923800
TCB,200858394999.9990,21/07/2022,,36600,36900,36300,36850,5488700
TCB,165523325000.0010,22/07/2022,,37300,37900,37050,37100,4424700
TCB,86372580000.0004,25/07/2022,,36850,37100,36750,36800,2340300
TCB,102810685000,26/07/2022,,36800,37050,36550,36600,2794900
TCB,60432605000,27/07/2022,,36400,36600,36400,36600,1654100
TCB,208394344999.9990,28/07/2022,,36900,37500,36800,37300,5604300
TCB,206363950000,29/07/2022,,37500,37900,37150,37900,5486300
TCB,263773685000,01/08/2022,,37850,38800,37600,38600,6875400
TCB,176551520000,02/08/2022,,38400,38600,38050,38300,4609900
TCB,188384990000,03/08/2022,,38300,38400,37850,38150,4944700
TCB,178327780000.0010,04/08/2022,,38250,38850,38200,38400,4630800
TCB,150931215000.0010,05/08/2022,,38400,38800,38300,38400,3914900
TCB,313439460000.0040,08/08/2022,,38500,39650,38500,39200,7998700
TCB,168904365000,09/08/2022,,39400,39650,39000,39150,4306400
TCB,116612215000,10/08/2022,,38850,39050,38700,38800,3001500
TCB,191531834999.9990,11/08/2022,,39100,39300,38350,38500,4920200
TCB,108439595000,12/08/2022,,38500,38800,38250,38800,2817400
TCB,108439595000,12/08/2022,,38500,38800,38250,38800,2817400
TCB,170843995000,15/08/2022,,39000,39350,38850,39100,4366600
TCB,118835095000.0010,16/08/2022,,39050,39200,38950,39000,3042300
TCB,174875559999.9960,17/08/2022,,39050,39350,39000,39300,4459300
TCB,209229490000,18/08/2022,,39100,39500,38950,39100,5337200
TCB,100316445000,19/08/2022,,39050,39200,38950,39000,2566900
TCB,119787000000,22/08/2022,,38850,39100,38550,38700,3086100
TCB,128694345000,23/08/2022,,38650,38800,38350,38800,3339900
TCB,156771989999.9980,24/08/2022,,38800,39750,38800,39250,3993200
TCB,146467000000,25/08/2022,,39300,39700,39300,39550,3706900
TCB,172860375000.0010,26/08/2022,,39600,39950,39500,39500,4353000
TCB,173075085000,29/08/2022,,38800,39100,38500,38750,4474600
TCB,148152945000,30/08/2022,,38800,39150,38750,38750,3807500
TCB,88142129999.9998,31/08/2022,,38750,39150,38650,38950,2265500
TCB,107951765000.0020,05/09/2022,,38850,38900,38550,38600,2788600
TCB,90641965000,06/09/2022,,38550,39000,38550,38650,2340700
TCB,163218035000.0010,07/09/2022,,38650,38700,37550,37550,4269000
TCB,92967960000,08/09/2022,,37750,37900,37350,37400,2473200
TCB,110279105000.0010,09/09/2022,,37700,37700,37000,37650,2951100
TCB,48514404999.9999,12/09/2022,,37650,37800,37450,37500,1289900
TCB,63197120000,13/09/2022,,37400,37600,37300,37300,1687000
TCB,102629069999.9990,14/09/2022,,36500,37000,36500,36800,2794500
TCB,59409870000.0002,15/09/2022,,37000,37050,36600,36600,1611900
TCB,79498475000.0002,16/09/2022,,36400,36650,36000,36000,2188200
TCB,133120569999.9990,19/09/2022,,36000,36000,34850,35050,3777300
TCB,69746334999.9998,20/09/2022,,35550,35550,34900,35050,1989200
TCB,72104889999.9997,21/09/2022,,35000,35100,34500,34500,2073000
TCB,100285150000,22/09/2022,,34300,34650,34100,34550,2922800
TCB,77854280000.0001,23/09/2022,,34450,34600,34050,34200,2265200
TCB,173444069999.9990,26/09/2022,,33850,33850,32950,33250,5217000
TCB,78358805000.0002,27/09/2022,,33550,33900,33200,33500,2336300
TCB,69142305000.0002,28/09/2022,,33350,33700,33200,33250,2069900
TCB,87879379999.9998,29/09/2022,,33700,33700,33000,33000,2640300
TCB,171269729999.9990,30/09/2022,,33000,33200,32200,32500,5240200
TCB,190364245000,03/10/2022,,32500,32600,30250,30250,6076000
TCB,182215799999.9990,04/10/2022,,30800,31000,30000,30300,5966900
TCB,122807585000,05/10/2022,,31000,31050,30500,30500,3986800
TCB,166931765000.0010,06/10/2022,,30500,30800,29300,29300,5573700
TCB,393730699999.9960,07/10/2022,,28900,28900,27250,27250,14349900
TCB,470854080000.0030,10/10/2022,,25800,26950,25350,25800,18275400
TCB,511377300000.0080,11/10/2022,,25800,25800,24000,24000,21188700
TCB,511377300000.0080,11/10/2022,,25800,25800,24000,24000,21188700
TCB,237975939999.9990,12/10/2022,,24000,25400,23550,24800,9605400
TCB,232496135000.0010,13/10/2022,,24800,25300,24100,25300,9386700
TCB,164073000000.0010,14/10/2022,,26500,26500,25500,25700,6333400
TCB,193580235000.0010,17/10/2022,,25500,25500,24350,25100,7760900
TCB,128317034999.9990,18/10/2022,,25600,25900,25150,25300,5030200
TCB,114159775000,19/10/2022,,25300,25500,24600,25200,4571000
TCB,129018225000,20/10/2022,,25100,25100,24550,24600,5210100
TCB,229420234999.9960,21/10/2022,,24850,24850,22900,22900,9633400
TCB,256610070000.0040,24/10/2022,,23050,23350,21300,21300,11800600
TCB,202917315000.0010,25/10/2022,,21300,22450,20000,21300,9593300
TCB,67439694999.9998,26/10/2022,,21700,21800,21050,21400,3153400
TCB,116955440000.0020,27/10/2022,,21500,22850,21500,22850,5222800
TCB,302664855000.0020,28/10/2022,,23600,24400,23500,24400,12484200
TCB,175941465000,31/10/2022,,24600,24800,23500,24600,7284700
TCB,220122020000.0020,01/11/2022,,25000,26000,25000,25650,8603400
TCB,138064194999.9990,02/11/2022,,25700,25800,25050,25200,5442300
TCB,168787024999.9990,03/11/2022,,24650,25850,24650,25850,6663000
TCB,313481139999.9990,04/11/2022,,25000,25500,24050,25500,12626400
TCB,154300785000,07/11/2022,,25450,25800,23750,23750,6326200
TCB,129886865000,08/11/2022,,23750,24900,23000,24150,5353800
TCB,90080189999.9999,09/11/2022,,24500,25100,24200,24350,3645200
TCB,174046235000.0010,10/11/2022,,24000,24100,22650,22750,7580100
TCB,174046235000.0010,10/11/2022,,24000,24100,22650,22750,7580100
TCB,128656815000,11/11/2022,,23500,23950,22800,22800,5479500
TCB,127295839999.9990,14/11/2022,,22200,22400,21300,22200,5828500
TCB,227731095000.0060,15/11/2022,,22050,22050,20650,20700,10943000
TCB,364606159999.9960,16/11/2022,,19300,22100,19300,22100,18062800
TCB,135889075000,17/11/2022,,22700,23050,22200,22950,5977300
TCB,144227290000,18/11/2022,,22850,23350,21800,22700,6390000
TCB,102009000000,21/11/2022,,22650,23100,22250,22250,4508400
TCB,169118270000,22/11/2022,,22050,23050,21850,21850,7548800
TCB,83274839999.9997,23/11/2022,,22000,22400,21700,22000,3771800
TCB,75833150000,24/11/2022,,22000,22200,21500,22150,3471500
TCB,117508685000,25/11/2022,,22350,23000,22200,23000,5208100
TCB,218131929999.9990,28/11/2022,,23300,24600,23250,24600,9058600
TCB,196949850000,29/11/2022,,24950,25600,24350,25200,7876400
TCB,224427900000,30/11/2022,,25200,25900,24950,25900,8860700
TCB,450678860000,01/12/2022,,26250,27700,26250,27400,16532500
TCB,250617379999.9990,02/12/2022,,27000,29000,26850,28800,9001200
TCB,246593009999.9990,05/12/2022,,29500,29800,28800,29000,8445100
TCB,402052495000.0010,06/12/2022,,28800,29000,27000,27050,14489700
TCB,188663730000,07/12/2022,,27000,27150,25950,26400,7114400
TCB,283464635000.0050,08/12/2022,,26800,28200,26500,28200,10144300
TCB,124005040000,09/12/2022,,28450,28500,27700,28250,4407800
TCB,173387739999.9990,12/12/2022,,28250,28550,27200,27200,6189600
TCB,201508595000.0010,13/12/2022,,27200,28800,27000,28800,7316900
TCB,234283105000,14/12/2022,,29500,29700,28800,28800,7999600
TCB,225153470000.0010,15/12/2022,,28800,29550,28600,29500,7681000
TCB,187960340000,16/12/2022,,29000,29300,28600,29150,6469000
TCB,279002959999.9990,19/12/2022,,29150,30650,29050,29250,9319200
TCB,328557325000,20/12/2022,,29000,29250,27250,27700,11750600
TCB,178959020000.0010,21/12/2022,,28050,28200,26300,27700,6560300
TCB,100054265000,22/12/2022,,27750,28400,27250,27700,3604900
TCB,78641689999.9997,23/12/2022,,27700,27900,26950,27600,2878800
TCB,197469025000.0050,26/12/2022,,27250,27400,25700,25700,7542600
TCB,114426170000,27/12/2022,,25600,26300,25400,26300,4426300
TCB,86045205000.0003,28/12/2022,,26100,26450,25750,26150,3298700
TCB,76384940000.0002,29/12/2022,,26100,26300,25750,25950,2934700
TCB,56605999999.9999,30/12/2022,,25950,26100,25850,25850,2181900
TCB,101672850000,03/01/2023,,25750,27450,25750,27450,3786800
TCB,87601525000.0002,04/01/2023,,27450,27800,27250,27300,3185500
TCB,74603639999.9999,05/01/2023,,27300,27800,27150,27650,2716900
TCB,134156520000,06/01/2023,,27450,28400,27300,27700,4803900
TCB,66329025000.0002,09/01/2023,,27800,27950,27600,27750,2387700
TCB,66329025000.0002,09/01/2023,,27800,27950,27600,27750,2387700
TCB,72192155000,10/01/2023,,27750,28000,27300,27450,2613300
TCB,87093994999.9995,11/01/2023,,27450,28000,27300,27650,3136500
TCB,58883929999.9998,12/01/2023,,27650,27950,27600,27850,2124100
TCB,78698795000.0003,13/01/2023,,27900,28300,27800,27800,2810200
TCB,69535690000.0004,16/01/2023,,27850,28100,27650,28100,2492900
TCB,178674575000,17/01/2023,,28400,29300,28350,29000,6179200
TCB,94107160000.0002,18/01/2023,,29100,29150,28900,29100,3241200
TCB,137728455000,19/01/2023,,28850,29300,28850,29100,4742400
TCB,163115130000.0010,27/01/2023,,29350,29700,29000,29050,5539200
TCB,170229609999.9980,30/01/2023,,29050,29050,28550,28700,5917000
TCB,174766760000,31/01/2023,,28650,29400,28050,29400,6148400
TCB,171545404999.9990,01/02/2023,,29500,29500,28000,28200,5944500
TCB,106555120000,02/02/2023,,28200,28400,27600,28000,3795200
TCB,177114600000,03/02/2023,,28100,28200,27100,27100,6448000
TCB,87764904999.9998,06/02/2023,,27100,28000,27050,27950,3183300
TCB,91231369999.9995,07/02/2023,,27950,28050,27400,27400,3288400
TCB,74866569999.9999,08/02/2023,,27500,27950,27400,27850,2709000
TCB,74866569999.9999,08/02/2023,,27500,27950,27400,27850,2709000
TCB,76216154999.9998,09/02/2023,,27700,27850,27300,27300,2757300
TCB,71283429999.9994,10/02/2023,,27350,27500,26900,26950,2626000
TCB,77025839999.9997,13/02/2023,,26850,26900,26350,26600,2897200
TCB,79223000000,14/02/2023,,26500,27400,26500,26850,2949800
TCB,71901825000.0001,15/02/2023,,26850,27600,26600,27400,2633000
TCB,62069289999.9999,16/02/2023,,27600,27900,27200,27900,2247700
TCB,49367065000,17/02/2023,,27750,27800,27500,27800,1784300
TCB,77281469999.9997,20/02/2023,,27750,28600,27700,28600,2743200
TCB,73987800000.0006,21/02/2023,,28600,28950,28350,28400,2590900
TCB,66111715000.0002,22/02/2023,,28050,28150,27500,27500,2373000
TCB,98077784999.9994,23/02/2023,,27500,27950,27000,27950,3597400
TCB,53956889999.9999,24/02/2023,,27950,27950,27150,27250,1972500
TCB,63803634999.9997,27/02/2023,,27200,27200,26600,27000,2377000
TCB,56483859999.9999,28/02/2023,,27000,27200,26500,26500,2104000
TCB,59042914999.9999,01/03/2023,,26200,27350,26050,27300,2204200
TCB,42218600000,02/03/2023,,27550,27600,27000,27200,1549900
TCB,50248550000.0001,03/03/2023,,27200,27350,26550,26800,1875800
TCB,69826254999.9999,06/03/2023,,27000,27450,26700,27200,2568900
TCB,63928875000,07/03/2023,,27200,27500,27050,27100,2340300
TCB,52528734999.9998,08/03/2023,,26900,27400,26800,27300,1945300
TCB,90335024999.9997,09/03/2023,,27500,27850,27200,27800,3286200
TCB,58084270000.0001,10/03/2023,,27500,27600,27000,27150,2129800
TCB,58084270000.0001,10/03/2023,,27500,27600,27000,27150,2129800
TCB,83466515000.0002,13/03/2023,,26550,26950,26550,26750,3114300
TCB,65605625000.0002,14/03/2023,,26650,26750,26300,26300,2469900
TCB,64007239999.9994,15/03/2023,,26800,27400,26800,27200,2361600
TCB,71039534999.9999,16/03/2023,,26900,26950,26350,26750,2661700
TCB,32164935000.0001,17/03/2023,,26800,27100,26600,26650,1199600
TCB,60377345000,20/03/2023,,26500,26600,26250,26250,2286500
TCB,52587335000,21/03/2023,,26500,26600,26100,26350,1997800
TCB,65228464999.9998,22/03/2023,,26450,26600,26200,26200,2471700
TCB,61766109999.9999,23/03/2023,,26200,26350,25850,26200,2369000
TCB,51916970000.0002,24/03/2023,,26400,26700,26300,26450,1955600
TCB,40763130000.0001,27/03/2023,,26450,26700,26350,26500,1537100
TCB,210134465000.0010,28/03/2023,,26700,27700,26700,27550,7664400
TCB,160517250000,29/03/2023,,27550,28300,27500,28000,5720700
TCB,137561789999.9990,30/03/2023,,28350,28500,27700,27700,4898700
TCB,203935964999.9990,31/03/2023,,27800,28400,27800,28350,7220300
TCB,362453079999.9940,03/04/2023,,29000,29350,28700,29300,12424400
TCB,214499685000.0020,04/04/2023,,29300,29500,29050,29500,7303300
TCB,127152810000,05/04/2023,,29400,29600,29200,29500,4329800
TCB,233050105000.0020,06/04/2023,,29350,30200,29350,29600,7828100
TCB,120967690000.0010,07/04/2023,,29650,29700,29400,29550,4094900
TCB,171355110000.0020,10/04/2023,,29650,30800,29600,30200,5660400
TCB,156077270000,11/04/2023,,30200,30400,29600,30400,5209800
TCB,137783830000.0010,12/04/2023,,30400,30950,30100,30700,4505500
TCB,98082834999.9996,13/04/2023,,30600,30950,30200,30200,3214600
TCB,277391064999.9990,14/04/2023,,30200,30400,28900,28900,9435600
TCB,87803229999.9997,17/04/2023,,29000,29450,28750,29450,3014200
TCB,74366350000.0006,18/04/2023,,29400,29400,28900,29150,2553900
TCB,76164955000.0001,19/04/2023,,29200,29400,29000,29000,2611900
TCB,66619125000,20/04/2023,,28900,29000,28550,28850,2314000
TCB,67888129999.9999,21/04/2023,,29000,29000,28700,28700,2354900
TCB,102157565000,24/04/2023,,28700,29750,28650,29500,3483000
TCB,61395960000,25/04/2023,,29650,29850,29000,29000,2086300
TCB,95268005000.0002,26/04/2023,,29200,30000,28850,30000,3239100
TCB,60921085000.0002,27/04/2023,,30200,30200,29850,29900,2031600
TCB,73685295000.0001,28/04/2023,,29950,29950,29500,29500,2477700
TCB,56035909999.9999,04/05/2023,,29500,29500,28900,29050,1917900
TCB,98825930000.0007,05/05/2023,,29050,29200,28450,28700,3437700
TCB,82469664999.9994,08/05/2023,,28900,29400,28700,29400,2847500
TCB,58098660000.0002,09/05/2023,,29450,29500,29050,29300,1990400
TCB,58098660000.0002,09/05/2023,,29450,29500,29050,29300,1990400
TCB,73786174999.9998,10/05/2023,,29350,29400,29100,29300,2523100
TCB,73549575000,11/05/2023,,29500,29500,29100,29100,2514400
TCB,76478375000.0002,12/05/2023,,29100,29300,29000,29300,2625300
TCB,219602945000.0010,15/05/2023,,29450,30150,29400,29900,7336200
TCB,62021025000.0004,16/05/2023,,30100,30100,29750,29800,2075700
TCB,108204450000,17/05/2023,,29700,29900,29250,29250,3659200
TCB,94654020000.0003,18/05/2023,,29250,29700,29250,29550,3215500
TCB,100159670000,19/05/2023,,29550,29750,29250,29650,3397600
TCB,286289934999.9970,22/05/2023,,29700,30600,29700,30500,9444100
TCB,127639180000,23/05/2023,,30700,30700,30000,30350,4205200
TCB,144891165000,24/05/2023,,30400,30550,29750,29800,4818900
TCB,74960599999.9996,25/05/2023,,29800,29900,29600,29800,2521600
TCB,53411810000.0001,26/05/2023,,29900,29950,29650,29900,1794600
TCB,82982609999.9999,29/05/2023,,30000,30200,29800,30200,2765200
TCB,63325229999.9999,30/05/2023,,30400,30450,30000,30200,2100900
TCB,118379105000,31/05/2023,,30200,30300,29900,29950,3944600
TCB,143539110000,01/06/2023,,30000,30300,29750,30300,4776200
TCB,436724390000.0080,02/06/2023,,30800,32200,30700,32200,13798700
TCB,189514565000.0020,05/06/2023,,32450,32800,31900,31900,5861900
TCB,193587280000,06/06/2023,,31900,32700,31750,32700,6000100
TCB,161168770000.0010,07/06/2023,,32550,32750,32200,32600,4964100
TCB,185256270000,08/06/2023,,32700,32750,31750,31750,5741200
TCB,185256270000,08/06/2023,,32700,32750,31750,31750,5741200
TCB,170124330000.0010,09/06/2023,,31800,32500,31600,32400,5315500
TCB,133435580000,12/06/2023,,32250,32850,31900,32700,4136800
TCB,115287930000,13/06/2023,,32700,32900,32400,32800,3529000
TCB,177270110000,14/06/2023,,33000,33450,32550,32600,5374800
TCB,125930560000,15/06/2023,,32600,32900,32400,32650,3863700
TCB,228211505000.0010,16/06/2023,,32650,33450,32500,32550,6928400
TCB,118149625000,19/06/2023,,32550,32550,31950,32100,3674300
TCB,66883055000,20/06/2023,,32200,32250,31950,32150,2084400
TCB,80984835000.0001,21/06/2023,,32150,32500,32100,32500,2506800
TCB,144461175000,22/06/2023,,32900,33150,32600,32600,4395200
TCB,136370380000,23/06/2023,,32650,33250,32550,32900,4144400
TCB,132887135000,26/06/2023,,32900,33300,32550,33300,4044900
TCB,121267820000,27/06/2023,,33300,33400,32900,32950,3665500
TCB,141951125000,28/06/2023,,32950,33300,32750,33300,4303400
TCB,116299680000,29/06/2023,,33300,33400,32650,32650,3538900
TCB,79679709999.9999,30/06/2023,,32650,32800,32350,32350,2448500
